time,token,volume_usdc,buy_place,token_amount,buy_slippage,sell_place,usdc_back,sell_slippage,profit_usd,profit_percent,backup_place,backup_usdc_back,backup_profit_percent
2026-04-28 22:55:39,WETH,10000,KyberSwap,4.353510254938961,0.0062,Odos,9991.8225,0.0082,-8.3386,-0.0834,ParaSwap,9991.1173,-0.0895
2026-04-28 22:55:50,WBTC,10000,ParaSwap,0.13114774,0.0097,KyberSwap,9991.2133,0.0034,-8.8092,-0.0881,Odos,9991.0728,-0.0897
2026-04-28 22:56:01,AAVE,10000,KyberSwap,102.84139716035328,0.2126,Odos,9899.8092,0.1102,-100.4,-1.004,ParaSwap,9892.7151,-1.0735
2026-04-28 22:56:14,UNI,10000,Odos,3017.1351021497694,1.2335,KyberSwap,9626.9338,0.9806,-373.3537,-3.7335,0x/Matcha,9622.7841,-3.7746
2026-04-28 22:56:26,LINK,10000,Odos,1075.2413500528874,0.2635,ParaSwap,9923.6413,0.0814,-76.5414,-0.7654,KyberSwap,9923.5594,-0.7662
2026-04-28 22:56:48,WMATIC,10000,ParaSwap,108695.9216521922,0.0295,KyberSwap,9989.9944,-0.0185,-10.0306,-0.1003,Odos,9986.4285,-0.1365
2026-04-28 22:56:57,DAI,10000,KyberSwap,10000.482723005,0.0014,Odos,9999.2393,0.0007,-0.7894,-0.0079,ParaSwap,9998.4577,-0.0157
2026-04-28 22:57:34,LDO,10000,Odos,25210.114949298077,1.5009,KyberSwap,9612.1087,0.8034,-387.9924,-3.8799,0x/Matcha,9596.3938,-4.0369
2026-04-28 22:57:54,WETH,10000,KyberSwap,4.3549913185455935,0.0062,Odos,9994.6113,0.0096,-5.4436,-0.0544,ParaSwap,9994.4034,-0.0563
2026-04-28 22:58:04,WBTC,10000,ParaSwap,0.13112195,0.0047,KyberSwap,9994.2097,0.0076,-5.8045,-0.058,Odos,9991.9257,-0.0809
2026-04-28 22:58:16,AAVE,10000,KyberSwap,102.83890967828253,0.2262,Odos,9899.3281,0.1102,-100.8179,-1.0082,ParaSwap,9892.4851,-1.0755
2026-04-28 22:58:26,UNI,10000,Odos,3017.136272279182,1.2335,KyberSwap,9625.7551,0.985,-374.4326,-3.7443,0x/Matcha,9621.9454,-3.7821
2026-04-28 22:58:37,LINK,10000,Odos,1075.2383344292439,0.2638,ParaSwap,9923.6802,0.0849,-76.4756,-0.7648,KyberSwap,9923.2057,-0.7695
2026-04-28 22:58:56,WMATIC,10000,ParaSwap,108689.67821553447,0.0534,Odos,9986.9534,0.0129,-13.1176,-0.1312,KyberSwap,9986.8861,-0.1314
2026-04-28 22:59:06,DAI,10000,KyberSwap,10000.4865993559,0.0013,Odos,9999.2094,0.0006,-0.8161,-0.0082,ParaSwap,9998.4304,-0.016
2026-04-28 22:59:47,LDO,10000,Odos,25212.5177840629,1.513,KyberSwap,9609.974,0.8426,-390.2188,-3.9022,0x/Matcha,9596.7233,-4.0345
2026-04-28 23:00:08,WETH,10000,ParaSwap,4.35461900971985,0.0071,Odos,9993.125,0.0054,-6.9244,-0.0692,KyberSwap,9993.041,-0.0698
2026-04-28 23:00:17,WBTC,10000,ParaSwap,0.13112101,0.003,KyberSwap,9992.1784,0.0023,-7.8395,-0.0784,Odos,9991.9744,-0.0804
2026-04-28 23:00:31,AAVE,10000,KyberSwap,102.86137149850593,0.2132,Odos,9901.0612,0.1099,-99.1058,-0.9911,ParaSwap,9894.4576,-1.0558
2026-04-28 23:00:42,UNI,10000,Odos,3017.150852735545,1.2656,KyberSwap,9624.8729,0.9878,-375.3237,-3.7532,0x/Matcha,9622.4746,-3.7769
2026-04-28 23:00:52,LINK,10000,Odos,1075.5592303298645,0.2774,KyberSwap,9925.5296,0.0995,-74.6477,-0.7465,ParaSwap,9922.6081,-0.7757
2026-04-28 23:01:11,WMATIC,10000,ParaSwap,108640.68832314783,0.0336,KyberSwap,9985.8777,0.0051,-14.1752,-0.1418,Odos,9982.1257,-0.1795
2026-04-28 23:01:21,DAI,10000,KyberSwap,10000.461986142467,0.0013,Odos,9999.1648,0.0007,-0.8607,-0.0086,ParaSwap,9998.4785,-0.0156
2026-04-28 23:02:01,LDO,10000,Odos,25204.406612591403,1.5131,KyberSwap,9608.6416,0.8687,-391.5529,-3.9155,0x/Matcha,9595.615,-4.0455
2026-04-28 23:02:21,WETH,10000,ParaSwap,4.353744916663786,-0.003,KyberSwap,9998.3114,0.0031,-1.7163,-0.0172,Odos,9991.0355,-0.0901
2026-04-28 23:02:39,WBTC,10000,Odos,0.13107168,0.0225,ParaSwap,9992.0048,0.006,-8.0441,-0.0804,KyberSwap,9990.7535,-0.093
2026-04-28 23:02:50,AAVE,10000,KyberSwap,102.81270652612899,0.2065,Odos,9898.1535,0.125,-101.9887,-1.0199,ParaSwap,9890.9367,-1.091
2026-04-28 23:03:00,UNI,10000,Odos,3015.55708026403,1.2515,KyberSwap,9629.2575,0.9788,-370.9655,-3.7097,0x/Matcha,9622.6144,-3.7758
2026-04-28 23:03:09,LINK,10000,Odos,1075.0079755532972,0.239,KyberSwap,9926.2301,0.1038,-73.9125,-0.7391,ParaSwap,9923.6144,-0.7653
2026-04-28 23:03:39,WMATIC,10000,ParaSwap,108538.70288730931,0.0389,KyberSwap,9990.011,0.0413,-10.0208,-0.1002,Odos,9989.7117,-0.1032
2026-04-28 23:03:52,DAI,10000,KyberSwap,10000.447821875487,0.0012,Odos,9999.3382,0.0008,-0.6756,-0.0068,ParaSwap,9998.5513,-0.0147
2026-04-28 23:04:30,LDO,10000,Odos,25189.36082269744,1.5069,KyberSwap,9612.2539,0.8309,-387.9096,-3.8791,0x/Matcha,9598.281,-4.0186
2026-04-28 23:04:50,WETH,10000,ParaSwap,4.353721078190125,0.0085,KyberSwap,9993.5392,0.0155,-6.4815,-0.0648,Odos,9991.1728,-0.0888
2026-04-28 23:05:00,WBTC,10000,KyberSwap,0.13108248,0.0159,ParaSwap,9992.9283,-0.0072,-7.0972,-0.071,Odos,9991.3402,-0.087
2026-04-28 23:05:10,AAVE,10000,KyberSwap,102.82600453502688,0.206,Odos,9901.2672,0.1101,-98.8824,-0.9888,ParaSwap,9891.4741,-1.0856
2026-04-28 23:05:21,UNI,10000,Odos,3015.21039661294,1.2595,KyberSwap,9628.2006,0.9787,-372.0324,-3.7203,0x/Matcha,9626.219,-3.7398
2026-04-28 23:05:31,LINK,10000,Odos,1074.9364205275804,0.2233,ParaSwap,9924.3813,0.0925,-75.774,-0.7577,KyberSwap,9922.5787,-0.7758
2026-04-28 23:05:58,WMATIC,10000,ParaSwap,108535.04907685114,0.0623,Odos,9980.7566,0.0358,-19.3385,-0.1934,KyberSwap,9980.2047,-0.1983
2026-04-28 23:06:11,DAI,10000,KyberSwap,10000.656460266975,0.0012,Odos,9999.261,0.0011,-0.7883,-0.0079,ParaSwap,9998.6599,-0.0138
2026-04-28 23:06:50,LDO,10000,Odos,25200.814176575568,1.5256,KyberSwap,9611.5685,0.8224,-388.5819,-3.8858,0x/Matcha,9594.3369,-4.0578
2026-04-28 23:07:10,WETH,10000,KyberSwap,4.357551313025218,-0.032,Odos,9994.1687,0.021,-5.8879,-0.0589,ParaSwap,9993.1212,-0.0691
2026-04-28 23:07:19,WBTC,10000,ParaSwap,0.13108485,0.0093,KyberSwap,9991.6875,0.0018,-8.3347,-0.0833,Odos,9991.4664,-0.0855
2026-04-28 23:07:31,AAVE,10000,KyberSwap,102.86540451073141,0.2144,Odos,9900.1994,0.1106,-99.9608,-0.9996,ParaSwap,9893.7447,-1.0628
2026-04-28 23:07:43,UNI,10000,Odos,3016.349775925217,1.2814,KyberSwap,9626.295,0.9878,-373.9432,-3.7394,0x/Matcha,9622.7342,-3.7746
2026-04-28 23:07:55,LINK,10000,Odos,1075.4280911752612,0.241,ParaSwap,9923.556,0.0902,-76.6059,-0.7661,KyberSwap,9921.9856,-0.7818
2026-04-28 23:08:17,WMATIC,10000,Odos,108526.54335066897,0.028,ParaSwap,9983.3944,0.0223,-16.7541,-0.1675,KyberSwap,9982.7764,-0.1737
2026-04-28 23:08:27,DAI,10000,KyberSwap,10000.627088048168,0.0005,Odos,9999.2146,0.001,-0.8185,-0.0082,ParaSwap,9998.6008,-0.0143
2026-04-28 23:09:07,LDO,10000,Odos,25215.272906048504,1.5281,KyberSwap,9608.4433,0.85,-391.716,-3.9172,0x/Matcha,9596.8231,-4.033
2026-04-28 23:09:25,WETH,10000,KyberSwap,4.361067671377866,0.0055,Odos,9996.3678,0.0197,-3.7379,-0.0374,ParaSwap,9995.8805,-0.0415
2026-04-28 23:09:34,WBTC,10000,ParaSwap,0.13118998,0.0101,Odos,9991.8546,0.0157,-8.1829,-0.0818,KyberSwap,9991.7719,-0.0825
2026-04-28 23:09:46,AAVE,10000,KyberSwap,102.88822311687383,0.2194,Odos,9900.5862,0.114,-99.5843,-0.9958,ParaSwap,9893.9254,-1.061
2026-04-28 23:09:55,UNI,10000,Odos,3018.580441483271,1.2833,KyberSwap,9628.0171,0.9899,-372.1859,-3.7219,0x/Matcha,9623.9124,-3.7625
2026-04-28 23:10:04,LINK,10000,Odos,1075.8992556333817,0.2364,ParaSwap,9924.0465,0.0937,-76.1035,-0.761,KyberSwap,9923.9901,-0.7616
2026-04-28 23:10:29,WMATIC,10000,ParaSwap,108590.31179287906,0.0399,KyberSwap,9987.4061,0.0103,-12.64,-0.1264,Odos,9986.9741,-0.131
2026-04-28 23:10:43,DAI,10000,KyberSwap,10000.635393990988,0.0012,Odos,9999.1834,0.0009,-0.8468,-0.0085,ParaSwap,9998.7437,-0.0129
2026-04-28 23:11:23,LDO,10000,Odos,25213.47089856473,1.5248,KyberSwap,9611.7219,0.8188,-388.4639,-3.8846,0x/Matcha,9597.2225,-4.0293
2026-04-28 23:11:46,WETH,10000,KyberSwap,4.362059091849423,0.0053,ParaSwap,9997.6828,0.0057,-2.3561,-0.0236,Odos,9997.6526,-0.0249
2026-04-28 23:11:55,WBTC,10000,KyberSwap,0.13122201,-0.0315,ParaSwap,9994.8094,0.0114,-5.2136,-0.0521,Odos,9991.9993,-0.0806
2026-04-28 23:12:06,AAVE,10000,KyberSwap,102.9042842068186,0.235,Odos,9901.554,0.1151,-98.6207,-0.9862,ParaSwap,9895.4163,-1.0462
2026-04-28 23:12:18,UNI,10000,Odos,3019.329157988747,1.2861,KyberSwap,9632.0004,0.9605,-368.2032,-3.682,0x/Matcha,9624.4317,-3.7574
2026-04-28 23:12:28,LINK,10000,Odos,1076.141682071617,0.2312,KyberSwap,9925.1259,0.1171,-75.0599,-0.7506,ParaSwap,9924.176,-0.7602
2026-04-28 23:12:49,WMATIC,10000,ParaSwap,108629.50195249123,0.0466,Odos,9986.4408,0.0258,-13.7362,-0.1374,KyberSwap,9985.5236,-0.1453
2026-04-28 23:13:00,DAI,10000,KyberSwap,10000.631018849146,0.0014,Odos,9999.1763,0.0009,-0.855,-0.0086,ParaSwap,9998.7787,-0.0126
2026-04-28 23:13:39,LDO,10000,Odos,25230.375208604783,1.5275,KyberSwap,9608.4195,0.8461,-391.7246,-3.9172,0x/Matcha,9596.1042,-4.04
2026-04-28 23:13:58,WETH,10000,KyberSwap,4.366226791441447,0.0166,Odos,9997.8867,0.0169,-2.3061,-0.0231,ParaSwap,9996.5595,-0.0349
2026-04-28 23:14:08,WBTC,10000,KyberSwap,0.13127473,-0.0343,ParaSwap,9995.4288,0.0091,-4.5963,-0.046,Odos,9994.3791,-0.0567
2026-04-28 23:14:19,AAVE,10000,Odos,102.9123287099813,0.2831,KyberSwap,9897.5383,0.136,-102.5724,-1.0257,ParaSwap,9894.1624,-1.0595
2026-04-28 23:14:33,UNI,10000,Odos,3020.5260732825873,1.2952,KyberSwap,9633.1187,0.9175,-367.0898,-3.6709,0x/Matcha,9621.6958,-3.7848
2026-04-28 23:14:45,LINK,10000,Odos,1076.3897304112522,0.2023,KyberSwap,9927.205,0.1273,-72.9693,-0.7297,ParaSwap,9924.2083,-0.7598
2026-04-28 23:15:09,WMATIC,10000,ParaSwap,108637.17882964226,-0.0137,KyberSwap,9990.876,0.0043,-9.1666,-0.0917,Odos,9989.0108,-0.1105
2026-04-28 23:15:23,DAI,10000,KyberSwap,10000.583638394728,0.0016,Odos,9999.2075,0.0006,-0.8233,-0.0082,ParaSwap,9998.5495,-0.0148
2026-04-28 23:16:05,LDO,10000,Odos,25221.929705052054,1.5222,KyberSwap,9609.9597,0.8473,-390.1835,-3.9018,0x/Matcha,9595.9445,-4.0418
2026-04-28 23:16:27,WETH,10000,ParaSwap,4.364340358067651,0.01,Odos,9994.9312,0.0119,-5.1897,-0.0519,KyberSwap,9993.24,-0.0678
2026-04-28 23:16:35,WBTC,10000,ParaSwap,0.13127787,-0.0007,Odos,9993.1715,0.0243,-6.8911,-0.0689,KyberSwap,9992.9802,-0.0705
2026-04-28 23:16:45,AAVE,10000,KyberSwap,102.89322771780736,0.252,Odos,9899.5839,0.1187,-100.637,-1.0064,ParaSwap,9892.8928,-1.0714
2026-04-28 23:16:54,UNI,10000,Odos,3019.547286811785,1.2867,KyberSwap,9625.4035,0.9847,-374.891,-3.7489,0x/Matcha,9617.9015,-3.8236
2026-04-28 23:17:03,LINK,10000,Odos,1076.0224180276339,0.1945,ParaSwap,9923.4665,0.1062,-76.7042,-0.767,KyberSwap,9923.3381,-0.7683
2026-04-28 23:17:24,WMATIC,10000,ParaSwap,108622.72480887764,0.0227,KyberSwap,9991.4995,0.0041,-8.5491,-0.0855,Odos,9987.609,-0.1246
2026-04-28 23:17:33,DAI,10000,KyberSwap,10000.67578799859,0.0019,Odos,9999.2015,0.001,-0.836,-0.0084,ParaSwap,9998.5623,-0.0147
2026-04-28 23:18:33,LDO,10000,KyberSwap,25217.500327115737,1.5291,Odos,9614.5904,0.8004,-385.5641,-3.8556,0x/Matcha,9598.0014,-4.0202
2026-04-28 23:18:53,WETH,10000,KyberSwap,4.36420622361744,-0.0442,ParaSwap,9996.3468,0.0028,-3.6635,-0.0366,Odos,9994.2284,-0.0585
2026-04-28 23:19:03,WBTC,10000,ParaSwap,0.13128353,0.0099,KyberSwap,9992.9884,0.017,-7.0368,-0.0704,Odos,9992.8955,-0.0715
2026-04-28 23:19:14,AAVE,10000,KyberSwap,102.89465984132667,0.2761,Odos,9899.6826,0.1204,-100.4962,-1.005,ParaSwap,9893.0486,-1.0698
2026-04-28 23:19:24,UNI,10000,Odos,3019.5896416009964,1.2895,KyberSwap,9627.3926,0.9629,-372.8432,-3.7284,0x/Matcha,9621.6558,-3.7854
2026-04-28 23:19:36,LINK,10000,Odos,1076.0614871708337,0.1969,ParaSwap,9924.6316,0.108,-75.5168,-0.7552,KyberSwap,9924.5745,-0.7557
2026-04-28 23:19:59,WMATIC,10000,ParaSwap,108583.01963883179,0.033,Odos,9986.5815,0.0128,-13.5472,-0.1355,KyberSwap,9986.0383,-0.14
2026-04-28 23:20:07,DAI,10000,KyberSwap,10000.563589785104,0.0011,Odos,9999.1512,0.0006,-0.9014,-0.009,ParaSwap,9998.5429,-0.015
2026-04-28 23:20:49,LDO,10000,Odos,25218.205532418757,1.5306,KyberSwap,9610.3281,0.8201,-389.9686,-3.8997,0x/Matcha,9594.4068,-4.0584
2026-04-28 23:21:11,WETH,10000,ParaSwap,4.363948108252698,0.0109,KyberSwap,9991.4421,0.0001,-8.5722,-0.0857,Odos,9991.0194,-0.0918
2026-04-28 23:23:53,WBTC,10000,KyberSwap,0.13131242,-0.0053,ParaSwap,9995.0047,-0.0012,-5.0161,-0.0502,Odos,9994.2463,-0.0581
2026-04-28 23:24:05,AAVE,10000,Odos,102.90483614545562,0.2918,KyberSwap,9897.8962,0.091,-102.2632,-1.0226,ParaSwap,9893.6963,-1.0647
2026-04-28 23:24:15,UNI,10000,Odos,3020.3858686255167,1.3147,KyberSwap,9626.0397,0.9922,-374.1785,-3.7418,0x/Matcha,9622.1751,-3.7801
2026-04-28 23:24:26,LINK,10000,Odos,1076.6787531588989,0.1824,KyberSwap,9928.1329,0.1348,-72.0104,-0.7201,ParaSwap,9926.2514,-0.7389
2026-04-28 23:24:51,WMATIC,10000,ParaSwap,108599.91037497093,0.0282,KyberSwap,9988.0405,0.0118,-12.0019,-0.12,Odos,9987.9381,-0.121
2026-04-28 23:25:02,DAI,10000,KyberSwap,10000.807806883779,0.0016,Odos,9999.2002,0.0013,-0.8307,-0.0083,ParaSwap,9998.9164,-0.0111
2026-04-28 23:25:38,LDO,10000,Odos,25211.63489853949,1.5188,KyberSwap,9610.1517,0.8315,-390.4376,-3.9044,0x/Matcha,9597.3024,-4.0325
2026-04-28 23:25:57,WETH,10000,KyberSwap,4.366351715750911,0.0052,Odos,9994.0495,0.0166,-6.1328,-0.0613,ParaSwap,9993.5036,-0.0656
2026-04-28 23:26:07,WBTC,10000,ParaSwap,0.13128629,0.0099,KyberSwap,9993.3505,-0.009,-6.6722,-0.0667,Odos,9992.03,-0.0803
2026-04-28 23:26:21,AAVE,10000,Odos,102.90521973934902,0.2914,KyberSwap,9897.4332,0.1349,-102.7159,-1.0272,ParaSwap,9893.7446,-1.0642
2026-04-28 23:26:33,UNI,10000,Odos,3020.9536201026117,1.2945,KyberSwap,9624.5866,0.9873,-375.6428,-3.7564,0x/Matcha,9621.2165,-3.7898
2026-04-28 23:26:42,LINK,10000,Odos,1076.6880762278524,0.1816,KyberSwap,9927.8122,0.1314,-72.33,-0.7233,ParaSwap,9925.8679,-0.7428
2026-04-28 23:27:03,WMATIC,10000,ParaSwap,108644.86758927572,0.012,KyberSwap,9985.0008,0.0132,-15.0423,-0.1504,Odos,9984.3234,-0.1577
2026-04-28 23:27:17,DAI,10000,KyberSwap,10000.812428779118,0.0013,Odos,9999.1731,0.001,-0.8651,-0.0087,ParaSwap,9998.8813,-0.0115
2026-04-28 23:27:54,LDO,10000,Odos,25222.31951529083,1.52,KyberSwap,9604.8098,0.8528,-395.3254,-3.9533,0x/Matcha,9593.4582,-4.0664
2026-04-28 23:28:13,WETH,10000,ParaSwap,4.3698712784314555,0.0089,KyberSwap,9995.2043,0.0099,-4.817,-0.0482,Odos,9994.561,-0.0563
2026-04-28 23:28:28,WBTC,10000,ParaSwap,0.13138652,0.0068,Odos,9993.0283,0.0222,-7.0367,-0.0704,KyberSwap,9990.0717,-0.0996
2026-04-28 23:28:39,AAVE,10000,KyberSwap,102.94997799275335,0.3116,Odos,9903.1964,0.1272,-97.0034,-0.97,ParaSwap,9896.3736,-1.0367
2026-04-28 23:28:51,UNI,10000,Odos,3023.3110711909776,1.3125,KyberSwap,9627.6289,0.992,-372.5489,-3.7255,0x/Matcha,9621.8855,-3.7826
2026-04-28 23:29:04,LINK,10000,Odos,1077.5052972431456,0.1899,KyberSwap,9931.0173,0.135,-69.1063,-0.6911,ParaSwap,9929.354,-0.7078
2026-04-28 23:29:23,WMATIC,10000,ParaSwap,108711.44639441384,0.0497,Odos,9988.9478,0.0123,-11.1192,-0.1112,KyberSwap,9988.8986,-0.1114
2026-04-28 23:29:33,DAI,10000,KyberSwap,10000.801735709469,0.0012,Odos,9999.1379,0.0009,-0.9034,-0.009,ParaSwap,9998.7245,-0.0132
2026-04-28 23:30:18,LDO,10000,Odos,25234.24963062163,1.5186,KyberSwap,9609.418,0.829,-390.7343,-3.9073,0x/Matcha,9595.8147,-4.0431
2026-04-28 23:30:39,WETH,10000,KyberSwap,4.370701037622183,0.0049,Odos,9996.1307,0.0153,-4.0195,-0.0402,ParaSwap,9995.4781,-0.0456
2026-04-28 23:30:50,WBTC,10000,ParaSwap,0.13138804,0.0077,Odos,9993.0881,0.0198,-6.9615,-0.0696,KyberSwap,9990.2314,-0.098
2026-04-28 23:31:03,AAVE,10000,KyberSwap,102.96148586675761,0.301,Odos,9903.6961,0.1277,-96.5129,-0.9651,ParaSwap,9897.6156,-1.0242
2026-04-28 23:31:19,UNI,10000,Odos,3023.7060521286694,1.2995,KyberSwap,9625.3585,0.9875,-374.8465,-3.7485,0x/Matcha,9619.4991,-3.8067
2026-04-28 23:31:31,LINK,10000,Odos,1077.5461288081108,0.1929,KyberSwap,9934.2611,0.0963,-65.8548,-0.6585,ParaSwap,9930.2622,-0.6986
2026-04-28 23:31:53,WMATIC,10000,ParaSwap,108779.48698224884,0.0215,KyberSwap,9988.8366,0.0079,-11.1991,-0.112,Odos,9987.148,-0.1292
2026-04-28 23:32:03,DAI,10000,KyberSwap,10000.63128320174,0.0013,Odos,9999.0647,0.0006,-0.9719,-0.0097,ParaSwap,9998.6922,-0.0134
2026-04-28 23:32:38,LDO,10000,Odos,25211.616706835714,1.5153,KyberSwap,9604.9612,0.8472,-395.1654,-3.9517,0x/Matcha,9592.7293,-4.0738
2026-04-28 23:32:57,WETH,10000,ParaSwap,4.36606971712278,0.0186,Odos,9987.9217,0.0091,-12.1614,-0.1216,KyberSwap,9986.2696,-0.1375
2026-04-28 23:33:06,WBTC,10000,ParaSwap,0.13138336,-0.0119,Odos,9992.749,0.0189,-7.3116,-0.0731,KyberSwap,9992.6085,-0.0741
2026-04-28 23:33:17,AAVE,10000,KyberSwap,102.93120641804143,0.2759,Odos,9900.9726,0.1252,-99.1763,-0.9918,ParaSwap,9896.0349,-1.04
2026-04-28 23:33:27,UNI,10000,Odos,3022.589710146181,1.2585,KyberSwap,9622.9094,0.9921,-377.3031,-3.773,0x/Matcha,9619.9883,-3.8019
2026-04-28 23:33:42,LINK,10000,Odos,1076.8319594861705,0.2105,KyberSwap,9926.384,0.1297,-73.732,-0.7373,ParaSwap,9925.45,-0.7466
2026-04-28 23:34:03,WMATIC,10000,ParaSwap,108761.24975071198,0.0184,KyberSwap,9988.2273,0.0072,-11.8118,-0.1181,Odos,9987.1735,-0.129
2026-04-28 23:34:14,DAI,10000,KyberSwap,10000.634144140226,0.0004,Odos,9999.0758,0.0006,-0.9599,-0.0096,ParaSwap,9998.546,-0.0149
2026-04-28 23:34:51,LDO,10000,Odos,25222.567675833983,1.4981,KyberSwap,9606.4426,0.8436,-393.6823,-3.9368,0x/Matcha,9595.0658,-4.0504
2026-04-28 23:35:10,WETH,10000,KyberSwap,4.367378134631859,0.0044,Odos,9993.2641,0.0013,-6.757,-0.0676,ParaSwap,9993.2487,-0.0677
2026-04-28 23:35:21,WBTC,10000,KyberSwap,0.13132253,0.0116,ParaSwap,9991.5526,-0.0021,-8.4778,-0.0848,Odos,9990.7688,-0.0929
2026-04-28 23:35:32,AAVE,10000,KyberSwap,102.9387795315878,0.2591,Odos,9901.6242,0.1249,-98.5567,-0.9856,ParaSwap,9897.0386,-1.0299
2026-04-28 23:37:07,WETH,5000,KyberSwap,2.1837848782017732,0.0032,ParaSwap,4998.8289,-0.0157,-1.1813,-0.0236,Odos,4997.0842,-0.0589
2026-04-28 23:37:19,WBTC,5000,ParaSwap,0.06563885,0.0081,KyberSwap,4999.5809,0.0036,-0.4292,-0.0086,Odos,4995.6174,-0.0879
2026-04-28 23:37:29,AAVE,5000,KyberSwap,51.51436096587225,0.1514,Odos,4961.3959,0.075,-38.6955,-0.7739,ParaSwap,4959.935,-0.802
2026-04-28 23:37:40,UNI,5000,Odos,1521.3333199591816,0.5978,KyberSwap,4891.2065,0.4758,-108.9656,-2.1793,0x/Matcha,4886.5592,-2.2717
2026-04-28 23:37:50,LINK,5000,ParaSwap,539.0924256906371,0.1836,KyberSwap,4973.781,0.0422,-26.2587,-0.5252,Odos,4973.1206,-0.5399
2026-04-28 23:38:13,WMATIC,5000,KyberSwap,54383.647214184,0.0591,Odos,4992.6892,0.0154,-7.3687,-0.1474,ParaSwap,4991.7172,-0.1664
2026-04-28 23:38:22,DAI,5000,KyberSwap,5000.363117517181,0.0001,Odos,4999.5985,0.0005,-0.4231,-0.0085,ParaSwap,4999.4512,-0.0116
2026-04-28 23:38:54,stMATIC,5000,Odos,47296.36867517661,0.1719,KyberSwap,4876.3667,1.1175,-123.7243,-2.4745,0x/Matcha,4870.5832,-2.5893
2026-04-28 23:39:09,LDO,5000,Odos,12714.656898941372,0.693,KyberSwap,4882.8727,0.4177,-117.243,-2.3449,0x/Matcha,4876.005,-2.4816
2026-04-28 23:40:15,WETH,5000,KyberSwap,2.1835579147292825,0.0034,Odos,4996.5535,0.0016,-3.4662,-0.0693,ParaSwap,4995.7544,-0.0856
2026-04-28 23:40:25,WBTC,5000,ParaSwap,0.06564984,0.004,Odos,4995.5293,0.0115,-4.5089,-0.0902,KyberSwap,4995.2013,-0.0964
2026-04-28 23:40:44,AAVE,5000,KyberSwap,51.52422176532759,0.1525,Odos,4962.3293,0.0751,-37.7671,-0.7553,ParaSwap,4960.8405,-0.7839
2026-04-28 23:40:56,UNI,5000,Odos,1521.1343540482483,0.6107,KyberSwap,4891.938,0.4782,-108.2304,-2.1646,0x/Matcha,4885.98,-2.2832
2026-04-28 23:41:07,LINK,5000,KyberSwap,539.161326612995,0.1747,Odos,4973.7351,0.0649,-26.3684,-0.5274,ParaSwap,4972.8206,-0.5447
2026-04-28 23:41:25,WMATIC,5000,ParaSwap,54378.53811527666,-0.0119,KyberSwap,4995.4385,0.0036,-4.5888,-0.0918,Odos,4993.9865,-0.1211
2026-04-28 23:41:34,DAI,5000,KyberSwap,5000.370241795283,0.0004,Odos,4999.5883,0.0007,-0.4312,-0.0086,ParaSwap,4999.3961,-0.0127
2026-04-28 23:41:58,stMATIC,5000,Odos,47259.550042233386,0.1843,KyberSwap,4875.7906,1.0998,-124.3253,-2.4865,0x/Matcha,4868.2766,-2.6362
2026-04-28 23:42:09,LDO,5000,Odos,12727.19088003989,0.7091,KyberSwap,4883.8688,0.3871,-116.2745,-2.3255,0x/Matcha,4876.3046,-2.4764
2026-04-28 23:43:11,WETH,5000,ParaSwap,2.1827203284728283,-0.0059,KyberSwap,4995.6717,0.0017,-4.3386,-0.0868,Odos,4995.6301,-0.0877
2026-04-28 23:43:19,WBTC,5000,ParaSwap,0.06564857,0.0028,KyberSwap,4997.6356,-0.0477,-2.3749,-0.0475,Odos,4995.0845,-0.0988
2026-04-28 23:43:30,AAVE,5000,Odos,51.524586040192695,0.173,KyberSwap,4961.8438,0.0792,-38.2538,-0.7651,ParaSwap,4960.7818,-0.7865
2026-04-28 23:43:42,UNI,5000,Odos,1521.646979298687,0.6081,KyberSwap,4892.6084,0.4746,-107.5888,-2.1518,0x/Matcha,4886.8088,-2.2672
2026-04-28 23:43:52,LINK,5000,Odos,539.4279911036075,0.1862,KyberSwap,4974.5566,0.0565,-25.5205,-0.5104,ParaSwap,4973.2601,-0.5365
2026-04-28 23:44:14,WMATIC,5000,KyberSwap,54372.119075045295,0.0138,Odos,4993.3737,0.0092,-6.725,-0.1345,ParaSwap,4992.9849,-0.141
2026-04-28 23:44:26,DAI,5000,KyberSwap,5000.3899950130135,0.0003,Odos,4999.6172,0.0007,-0.4258,-0.0085,ParaSwap,4999.4848,-0.011
2026-04-28 23:44:55,stMATIC,5000,Odos,47280.46646525869,0.1912,KyberSwap,4874.9238,1.1223,-125.16,-2.5032,0x/Matcha,4869.1054,-2.6189
2026-04-28 23:45:07,LDO,5000,Odos,12742.038960571865,0.7095,KyberSwap,4883.6291,0.4383,-116.4919,-2.3298,0x/Matcha,4877.313,-2.4554
2026-04-28 23:46:21,WETH,5000,ParaSwap,2.1860450313395274,-0.0157,Odos,4998.4419,0.0114,-1.6699,-0.0334,KyberSwap,4998.1585,-0.0376
2026-04-28 23:46:31,WBTC,5000,ParaSwap,0.06568018,0.003,Odos,4995.6619,0.0162,-4.4392,-0.0888,KyberSwap,4995.0478,-0.0996
2026-04-28 23:46:40,AAVE,5000,Odos,51.55303477230021,0.2122,KyberSwap,4964.2967,0.0845,-35.7869,-0.7157,ParaSwap,4963.3244,-0.7354
2026-04-28 23:46:52,UNI,5000,Odos,1522.575848554715,0.6322,KyberSwap,4893.344,0.4839,-106.8183,-2.1364,0x/Matcha,4887.7074,-2.2484
2026-04-28 23:47:16,WETH,ok,,5000,KyberSwap,2.1856498276121066,0.0026,Odos,4997.1994,0.011,-2.9181,-0.0584,ParaSwap,4996.8593,-0.0637,4,3
2026-04-28 23:47:28,WBTC,ok,,5000,KyberSwap,0.06567127,0.0041,ParaSwap,4995.3314,0.0029,-4.6905,-0.0938,Odos,4994.7047,-0.1072,4,3
2026-04-28 23:47:41,AAVE,ok,,5000,Odos,51.553159321624165,0.2109,KyberSwap,4964.3034,0.0844,-35.7832,-0.7157,ParaSwap,4963.3202,-0.7355,4,3
2026-04-28 23:47:52,UNI,ok,,5000,Odos,1522.7325596150113,0.6165,KyberSwap,4892.6107,0.4825,-107.5652,-2.1513,0x/Matcha,4887.2581,-2.2577,4,3
2026-04-28 23:48:05,LINK,ok,,5000,Odos,539.8577928177216,0.1789,KyberSwap,4976.6964,0.074,-23.3681,-0.4674,ParaSwap,4976.2877,-0.4756,4,3
2026-04-28 23:48:12,CRV,skipped,high_buy_slippage,5000,Odos,21022.574826064807,3.3204,,,,,,,,,4,
2026-04-28 23:48:18,SUSHI,skipped,high_buy_slippage,5000,Odos,17482.42236398398,21.0334,,,,,,,,,4,


2026-04-29 10:04:19,WETH,ok,,2000,KyberSwap,0.8602482126193377,0.0003,Odos,1998.1469,0.006,-1.9139,-0.0957,0x/Matcha,1995.6221,-0.2192,3,2
2026-04-29 10:04:31,WBTC,ok,,2000,KyberSwap,0.02601754,0.0108,Odos,1998.2597,0.0005,-1.7608,-0.088,0x/Matcha,1995.672,-0.2172,3,2
2026-04-29 10:04:45,AAVE,ok,,2000,KyberSwap,20.523254035196814,0.0372,Odos,1987.0438,0.0614,-13.0198,-0.651,0x/Matcha,1984.1393,-0.7934,3,2
2026-04-29 10:04:59,UNI,ok,,2000,Odos,605.2257532818566,0.2542,KyberSwap,1974.8983,0.1791,-25.2332,-1.2617,0x/Matcha,1972.0774,-1.4016,3,2
2026-04-29 10:05:09,LINK,ok,,2000,KyberSwap,214.19759855020538,0.0836,Odos,1993.8303,0.0115,-6.2937,-0.3147,0x/Matcha,1990.6695,-0.4676,3,2
2026-04-29 10:05:22,CRV,ok,,2000,Odos,8435.717571314337,1.2587,KyberSwap,1916.3807,0.9231,-83.9436,-4.1972,0x/Matcha,1913.5953,-4.3346,3,2
2026-04-29 10:05:30,SUSHI,skipped,high_buy_slippage,2000,Odos,8275.47994962316,8.0821,,,,,,,,,3,
2026-04-29 10:05:41,WMATIC,ok,,2000,KyberSwap,21530.073236335098,0.0168,Odos,1998.1406,0.0025,-1.9011,-0.0951,0x/Matcha,1994.9231,-0.2551,3,2
2026-04-29 10:05:57,DAI,ok,,2000,KyberSwap,2000.0207531969172,0.0002,Odos,1999.9109,0.0007,-0.1151,-0.0058,0x/Matcha,1996.9201,-0.1546,3,2
2026-04-29 10:06:01,BAL,skipped,high_buy_slippage,2000,KyberSwap,12812.86584276685,2.3028,,,,,,,,,3,
2026-04-29 10:06:06,GRT,skipped,high_buy_slippage,2000,KyberSwap,73447.73769009206,5.5107,,,,,,,,,3,
2026-04-29 10:06:10,SNX,skipped,high_buy_slippage,2000,KyberSwap,5706.121019120969,6.0738,,,,,,,,,3,
2026-04-29 10:06:23,stMATIC,ok,,2000,Odos,18732.296343785143,0.1616,KyberSwap,1975.5317,0.1089,-24.7155,-1.2358,0x/Matcha,1972.4469,-1.3885,3,2
2026-04-29 10:06:35,LDO,ok,,2000,KyberSwap,5055.316105862928,0.3034,Odos,1970.8713,0.1973,-29.2929,-1.4646,0x/Matcha,1967.6141,-1.6201,3,2
2026-04-29 10:06:48,FRAX,skipped,sell_slippage_filtered_all,2000,Odos,2014.9430951505449,0.2054,,,,,,,,,3,2
2026-04-29 10:07:04,QUICK,ok,,2000,Odos,169.67408133906457,0.8247,KyberSwap,1943.6657,0.58,-56.4542,-2.8227,0x/Matcha,1931.1789,-3.4456,3,2
2026-04-29 10:07:06,GHST,skipped,no_buy_quotes,2000,,,,,,,,,,,,0,
2026-04-29 10:07:09,DPI,skipped,high_buy_slippage,2000,KyberSwap,20.18635854738482,37.874,,,,,,,,,2,
2026-04-29 10:07:16,STG,skipped,high_buy_slippage,2000,0x/Matcha,2689.735452806544,51.0993,,,,,,,,,3,
2026-04-29 10:07:22,MKR,skipped,high_buy_slippage,2000,Odos,0.9075195783290163,5.2758,,,,,,,,,3,
2026-04-29 10:07:24,COMP,skipped,no_buy_quotes,2000,,,,,,,,,,,,0,
2026-04-29 10:07:29,SUSHI.e,skipped,high_buy_slippage,2000,Odos,8279.343992989634,8.1109,,,,,,,,,3,
2026-04-29 10:07:35,WOO,skipped,high_buy_slippage,2000,KyberSwap,94670.89136922489,5.3131,,,,,,,,,3,
2026-04-29 10:07:58,WETH,ok,,2000,KyberSwap,0.860636970112784,0.0141,Odos,1997.6891,0.0111,-2.4296,-0.1215,0x/Matcha,1995.1128,-0.2449,3,2
2026-04-29 10:08:08,WBTC,ok,,2000,KyberSwap,0.02604061,0.0013,Odos,1999.1415,0.0106,-0.9107,-0.0455,0x/Matcha,1996.97,-0.1519,3,2
2026-04-29 10:08:20,AAVE,ok,,2000,KyberSwap,20.52960093453342,0.0408,Odos,1987.2495,0.0534,-12.8137,-0.6407,0x/Matcha,1984.5886,-0.7709,3,2
2026-04-29 10:08:29,UNI,ok,,2000,Odos,605.4928299236602,0.2664,KyberSwap,1975.5212,0.1753,-24.6418,-1.2321,0x/Matcha,1972.0475,-1.4047,3,2
2026-04-29 10:08:40,LINK,ok,,2000,KyberSwap,214.439862313612,0.097,Odos,1994.0478,0.0173,-6.0058,-0.3003,0x/Matcha,1991.6281,-0.4198,3,2
2026-04-29 10:08:51,CRV,ok,,2000,Odos,8438.571373462342,1.2466,KyberSwap,1916.5569,0.9228,-83.6247,-4.1812,0x/Matcha,1913.805,-4.318,3,2
2026-04-29 10:08:54,SUSHI,skipped,high_buy_slippage,2000,Odos,8275.31443925676,8.1212,,,,,,,,,3,
2026-04-29 10:09:05,WMATIC,ok,,2000,KyberSwap,21532.36770199704,0.0151,Odos,1998.3691,0.003,-1.6432,-0.0822,0x/Matcha,1994.7034,-0.2652,3,2
2026-04-29 10:13:51,WETH,ok,,2000,KyberSwap,0.8603653140779921,0.0009,Odos,1998.6057,0.005,-1.4285,-0.0714,0x/Matcha,1995.8417,-0.2082,3,2
2026-04-29 10:14:05,WBTC,ok,,2000,KyberSwap,0.02602275,0.0007,Odos,1998.1808,0.0002,-1.8346,-0.0917,0x/Matcha,1995.1927,-0.2406,3,2
2026-04-29 10:16:24,WETH,ok,,2000,KyberSwap,0.860385868503667,-0.019,Odos,1999.0994,0.0034,-0.9329,-0.0466,0x/Matcha,1996.0115,-0.1999,4,3
2026-04-29 10:16:34,WBTC,ok,,2000,KyberSwap,0.02603056,0.0008,Odos,1998.6393,0.0036,-1.4277,-0.0714,0x/Matcha,1996.6306,-0.1689,4,3
2026-04-29 10:16:42,AAVE,ok,,2000,Odos,20.537157427370612,0.0937,KyberSwap,1987.6817,0.0371,-12.3723,-0.6186,0x/Matcha,1984.6086,-0.7717,4,3
2026-04-29 10:16:57,UNI,ok,,2000,Odos,606.030040412181,0.2898,KyberSwap,1976.604,0.2173,-23.5375,-1.1769,0x/Matcha,1974.1843,-1.297,4,3
2026-04-29 10:17:11,LINK,ok,,2000,Odos,214.55039657865672,0.0944,KyberSwap,1995.4367,0.0288,-4.6435,-0.2322,0x/Matcha,1992.0974,-0.3984,4,3
2026-04-29 10:17:28,CRV,ok,,2000,Odos,8461.240011186193,1.2564,KyberSwap,1916.03,0.9312,-84.0934,-4.2047,0x/Matcha,1913.4355,-4.3327,4,3
2026-04-29 10:17:33,SUSHI,skipped,high_buy_slippage,2000,Odos,8275.178789631418,8.1196,,,,,,,,,4,
2026-04-29 10:17:45,WMATIC,ok,,2000,KyberSwap,21570.55804645727,0.0089,Odos,1998.8805,0.0126,-1.2504,-0.0625,0x/Matcha,1995.9116,-0.2048,4,3
2026-04-29 10:17:56,DAI,ok,,2000,KyberSwap,1999.9872559478383,0.0017,Odos,1999.9057,0.0007,-0.1209,-0.006,0x/Matcha,1996.8802,-0.1562,4,3
2026-04-29 10:18:01,BAL,skipped,high_buy_slippage,2000,KyberSwap,12813.701290605502,2.3841,,,,,,,,,3,
2026-04-29 10:18:06,GRT,skipped,high_buy_slippage,2000,KyberSwap,73476.18441841453,5.6513,,,,,,,,,3,
2026-04-29 10:18:11,SNX,skipped,high_buy_slippage,2000,KyberSwap,5714.736885443147,6.2572,,,,,,,,,3,
2026-04-29 10:18:23,stMATIC,ok,,2000,Odos,18764.58461141053,0.1358,KyberSwap,1977.1843,0.1417,-22.9227,-1.1461,0x/Matcha,1974.4039,-1.2817,4,3
2026-04-29 10:18:35,LDO,ok,,2000,Odos,5067.023642739783,0.3238,KyberSwap,1971.7191,0.1938,-28.3712,-1.4186,0x/Matcha,1969.5912,-1.5239,4,3
2026-04-29 10:18:50,FRAX,skipped,sell_slippage_filtered_all,2000,Odos,2015.204535423097,0.2199,,,,,,,,,4,3
2026-04-29 10:19:01,QUICK,ok,,2000,Odos,169.585557526898,0.8397,KyberSwap,1943.5784,0.5946,-56.5806,-2.829,0x/Matcha,1931.7281,-3.4203,4,3
2026-04-29 10:19:02,GHST,skipped,no_buy_quotes,2000,,,,,,,,,,,,0,
2026-04-29 10:19:05,DPI,skipped,high_buy_slippage,2000,KyberSwap,20.136915721160715,38.255,,,,,,,,,3,
2026-04-29 10:19:11,STG,skipped,high_buy_slippage,2000,0x/Matcha,2692.2451817244983,51.0536,,,,,,,,,4,
2026-04-29 10:19:16,MKR,skipped,high_buy_slippage,2000,Odos,0.9065154029223562,5.2653,,,,,,,,,4,
2026-04-29 10:19:17,COMP,skipped,no_buy_quotes,2000,,,,,,,,,,,,0,
2026-04-29 10:23:49,AAVE,ok,,2000,Odos,20.532089506987646,0.0671,KyberSwap,1987.7191,0.0471,-12.3617,-0.6181,0x/Matcha,1984.8083,-0.7621,4,3
2026-04-29 10:23:50,WBTC,ok,,2000,KyberSwap,0.0260045,0.0015,Odos,1998.5846,0.0088,-1.4485,-0.0724,0x/Matcha,1995.5122,-0.2246,4,3

2026-04-29 10:23:57,WETH,ok,,2000,KyberSwap,0.8592306294848864,0.0019,Odos,1998.1636,0.0086,-1.9006,-0.095,0x/Matcha,1995.0829,-0.2462,4,3
2026-04-29 10:24:01,UNI,ok,,2000,Odos,605.5591832985651,0.3026,KyberSwap,1975.3351,0.2166,-24.7671,-1.2384,0x/Matcha,1973.036,-1.3519,4,3
2026-04-29 10:24:04,LINK,ok,,2000,Odos,214.48037404578406,0.0911,KyberSwap,1993.5505,0.0159,-6.5113,-0.3256,0x/Matcha,1990.6196,-0.4705,4,3
2026-04-29 10:24:07,SUSHI,skipped,high_buy_slippage,2000,Odos,8269.45988789477,8.1025,,,,,,,,,4,
2026-04-29 10:24:09,CRV,ok,,2000,Odos,8456.123384593544,1.2569,KyberSwap,1915.2044,0.9317,-84.9438,-4.2472,0x/Matcha,1912.6667,-4.3727,4,3
2026-04-29 10:24:13,BAL,skipped,high_buy_slippage,2000,KyberSwap,12807.794794791962,2.3374,,,,,,,,,3,
2026-04-29 10:24:15,WMATIC,ok,,2000,KyberSwap,21554.746411448166,0.0164,Odos,1997.4246,0.0053,-2.7012,-0.1351,0x/Matcha,1994.334,-0.2835,4,3
2026-04-29 10:24:18,GRT,skipped,high_buy_slippage,2000,KyberSwap,73438.30550020108,5.671,,,,,,,,,3,
2026-04-29 10:24:19,SNX,skipped,high_buy_slippage,2000,KyberSwap,5708.819282982023,6.3288,,,,,,,,,3,
2026-04-29 10:24:19,DAI,ok,,2000,KyberSwap,2000.0123365204902,-0.0006,Odos,1999.8946,0.001,-0.1282,-0.0064,0x/Matcha,1996.9101,-0.1549,4,3
2026-04-29 10:24:31,stMATIC,ok,,2000,Odos,18750.641933703868,0.1411,KyberSwap,1975.577,0.1427,-24.4973,-1.2249,0x/Matcha,1972.6566,-1.3701,4,3
2026-04-29 10:24:32,FRAX,skipped,sell_slippage_filtered_all,2000,Odos,2015.1134999386086,0.215,,,,,,,,,4,3
2026-04-29 10:24:33,LDO,ok,,2000,Odos,5069.529891440721,0.3063,KyberSwap,1970.5345,0.1953,-29.5373,-1.4769,0x/Matcha,1967.714,-1.6166,4,3
2026-04-29 10:24:34,GHST,skipped,no_buy_quotes,2000,,,,,,,,,,,,0,
2026-04-29 10:24:36,DPI,skipped,high_buy_slippage,2000,KyberSwap,20.13569053081054,38.2402,,,,,,,,,3,
2026-04-29 10:24:42,MKR,skipped,high_buy_slippage,2000,Odos,0.9063100581651106,5.2447,,,,,,,,,4,
2026-04-29 10:24:43,COMP,skipped,no_buy_quotes,2000,,,,,,,,,,,,0,
2026-04-29 10:24:44,STG,skipped,high_buy_slippage,2000,0x/Matcha,2692.2362503408517,51.0574,,,,,,,,,4,
2026-04-29 10:24:47,QUICK,ok,,2000,Odos,169.5492821756758,0.8443,KyberSwap,1943.2547,0.5928,-56.8785,-2.8439,0x/Matcha,1930.9093,-3.4599,4,3
2026-04-29 10:24:48,WOO,skipped,high_buy_slippage,2000,KyberSwap,94467.87792403951,5.3032,,,,,,,,,4,
2026-04-29 10:24:52,SUSHI.e,skipped,high_buy_slippage,2000,Odos,8269.554207887813,8.1103,,,,,,,,,4,
2026-04-29 10:25:15,WETH,ok,,2000,KyberSwap,0.8592242602497648,0.0007,Odos,1998.0481,0.0082,-2.0913,-0.1046,0x/Matcha,1994.9431,-0.2531,4,3
2026-04-29 10:25:17,AAVE,ok,,2000,Odos,20.534040199976662,0.0762,KyberSwap,1988.4297,0.0665,-11.6721,-0.5836,0x/Matcha,1984.7384,-0.7677,4,3
2026-04-29 10:25:17,WBTC,ok,,2000,KyberSwap,0.02600444,0.0003,Odos,1998.5092,0.0108,-1.5439,-0.0772,0x/Matcha,1995.5023,-0.2252,4,3
2026-04-29 10:25:30,UNI,ok,,2000,Odos,605.825201721724,0.2828,KyberSwap,1975.7921,0.2101,-24.4179,-1.2209,0x/Matcha,1973.1958,-1.3488,4,3
2026-04-29 10:25:31,LINK,ok,,2000,Odos,214.50969217323632,0.0935,KyberSwap,1994.8259,0.0284,-5.2793,-0.264,0x/Matcha,1991.4084,-0.4334,4,3
2026-04-29 10:25:34,SUSHI,skipped,high_buy_slippage,2000,Odos,8269.212568734049,8.0905,,,,,,,,,4,
2026-04-29 10:25:35,CRV,ok,,2000,Odos,8458.794813022385,1.2516,KyberSwap,1915.7971,0.9317,-84.4631,-4.2232,0x/Matcha,1913.4655,-4.3362,4,3
2026-04-29 10:25:43,BAL,skipped,high_buy_slippage,2000,KyberSwap,12808.965755145366,2.3897,,,,,,,,,3,
2026-04-29 10:25:43,WMATIC,ok,,2000,KyberSwap,21563.876501946517,0.0085,Odos,1998.1707,0.0081,-1.9487,-0.0974,0x/Matcha,1995.1927,-0.2408,4,3
2026-04-29 10:25:48,DAI,ok,,2000,KyberSwap,1999.9889756501611,0.0004,Odos,1999.8759,0.0013,-0.1696,-0.0085,0x/Matcha,1996.8902,-0.156,4,3
2026-04-29 10:25:49,GRT,skipped,high_buy_slippage,2000,KyberSwap,73449.66559085758,5.6582,,,,,,,,,3,
2026-04-29 10:25:49,SNX,skipped,high_buy_slippage,2000,KyberSwap,5710.618198085081,6.3177,,,,,,,,,3,
2026-04-29 10:26:03,LDO,ok,,2000,KyberSwap,5069.149926940205,0.3089,Odos,1971.5207,0.1986,-28.6278,-1.4314,0x/Matcha,1968.6526,-1.5682,4,3
2026-04-29 10:26:03,FRAX,skipped,sell_slippage_filtered_all,2000,Odos,2015.1576380752201,0.2168,,,,,,,,,4,3
2026-04-29 10:26:04,GHST,skipped,no_buy_quotes,2000,,,,,,,,,,,,0,
2026-04-29 10:26:04,stMATIC,ok,,2000,Odos,18758.84562575437,0.1263,KyberSwap,1976.6802,0.1436,-23.437,-1.1718,0x/Matcha,1973.7749,-1.3159,4,3
2026-04-29 10:26:07,DPI,skipped,high_buy_slippage,2000,KyberSwap,20.197318793366794,38.3394,,,,,,,,,3,
2026-04-29 10:26:12,STG,skipped,high_buy_slippage,2000,KyberSwap,2678.827725946642,50.3176,,,,,,,,,4,
2026-04-29 10:26:12,MKR,skipped,high_buy_slippage,2000,Odos,0.9060237997339982,5.2567,,,,,,,,,4,
2026-04-29 10:26:13,COMP,skipped,no_buy_quotes,2000,,,,,,,,,,,,0,
2026-04-29 10:26:16,QUICK,ok,,2000,Odos,169.5642700392989,0.8586,KyberSwap,1943.7438,0.5956,-56.4654,-2.8233,0x/Matcha,1931.6781,-3.4253,4,3
2026-04-29 10:26:18,SUSHI.e,skipped,high_buy_slippage,2000,Odos,8268.170187788266,8.1127,,,,,,,,,4,
2026-04-29 10:26:18,WOO,skipped,high_buy_slippage,2000,KyberSwap,94444.40146277349,5.3093,,,,,,,,,4,
2026-04-29 10:26:38,WBTC,ok,,2000,KyberSwap,0.02599082,0.0101,Odos,1997.9172,0.0005,-2.0923,-0.1046,0x/Matcha,1995.9715,-0.2017,4,3
2026-04-29 10:26:41,AAVE,ok,,2000,KyberSwap,20.532714604963587,0.0717,Odos,1988.4077,0.0558,-11.6528,-0.5826,0x/Matcha,1985.8368,-0.7092,4,3
2026-04-29 10:26:42,WETH,ok,,2000,KyberSwap,0.858865514756799,0.0154,Odos,1998.1785,0.0042,-1.8653,-0.0933,0x/Matcha,1995.8218,-0.2101,4,3
2026-04-29 10:26:49,UNI,ok,,2000,Odos,605.6723439456737,0.2853,KyberSwap,1975.7833,0.2058,-24.3272,-1.2164,0x/Matcha,1973.0959,-1.35,4,3
2026-04-29 10:26:53,LINK,ok,,2000,Odos,214.43314191233546,0.1074,KyberSwap,1994.4621,0.0207,-5.6085,-0.2804,0x/Matcha,1991.1688,-0.4445,4,3
2026-04-29 10:26:55,SUSHI,skipped,high_buy_slippage,2000,Odos,8267.320412549236,8.1104,,,,,,,,,4,
2026-04-29 10:26:55,CRV,ok,,2000,Odos,8456.62462689662,1.2511,KyberSwap,1915.7218,0.9312,-84.4186,-4.2209,0x/Matcha,1913.2458,-4.3435,4,3
2026-04-29 10:26:59,BAL,skipped,high_buy_slippage,2000,KyberSwap,12806.953905158636,2.3916,,,,,,,,,3,
2026-04-29 10:27:04,GRT,skipped,high_buy_slippage,2000,KyberSwap,73428.09739734678,5.6656,,,,,,,,,3,
2026-04-29 10:27:07,WMATIC,ok,,2000,KyberSwap,21558.31869598086,0.0084,Odos,1997.8539,0.0071,-2.1663,-0.1083,0x/Matcha,1994.8532,-0.2577,4,3
2026-04-29 10:27:08,DAI,ok,,2000,Odos,1999.9829991497227,0.0012,KyberSwap,1999.9167,0.0001,-0.0994,-0.005,0x/Matcha,1996.8902,-0.156,4,3
2026-04-29 10:27:10,SNX,skipped,high_buy_slippage,2000,KyberSwap,5708.608435894014,6.3301,,,,,,,,,3,
2026-04-29 10:27:23,LDO,ok,,2000,Odos,5068.413407868805,0.3051,KyberSwap,1971.5393,0.1657,-28.5512,-1.4276,0x/Matcha,1968.2132,-1.5928,4,3
2026-04-29 10:27:25,stMATIC,ok,,2000,Odos,18753.809690095586,0.1265,KyberSwap,1976.4951,0.1423,-23.5663,-1.1783,0x/Matcha,1973.5452,-1.3251,4,3
2026-04-29 10:27:25,FRAX,skipped,sell_slippage_filtered_all,2000,Odos,2015.1137730464752,0.2134,,,,,,,,,4,3
2026-04-29 10:27:27,GHST,skipped,no_buy_quotes,2000,,,,,,,,,,,,0,
2026-04-29 10:27:28,DPI,skipped,high_buy_slippage,2000,KyberSwap,20.16570608737517,38.1397,,,,,,,,,3,
2026-04-29 10:27:34,STG,skipped,high_buy_slippage,2000,0x/Matcha,2692.2393003593143,51.0333,,,,,,,,,4,
2026-04-29 10:27:36,COMP,skipped,no_buy_quotes,2000,,,,,,,,,,,,0,
2026-04-29 10:27:36,QUICK,ok,,2000,Odos,169.54377973603528,0.8517,KyberSwap,1944.0569,0.5704,-56.091,-2.8045,0x/Matcha,1931.4285,-3.4347,4,3
2026-04-29 10:27:36,MKR,skipped,high_buy_slippage,2000,Odos,0.9059740763836313,5.2522,,,,,,,,,4,
2026-04-29 10:27:40,SUSHI.e,skipped,high_buy_slippage,2000,Odos,8266.778110006904,8.1069,,,,,,,,,4,
2026-04-29 10:27:41,WOO,skipped,high_buy_slippage,2000,Odos,94431.77469805822,5.3104,,,,,,,,,4,
2026-04-29 10:28:03,WETH,ok,,2000,KyberSwap,0.8588920534830132,0.0116,Odos,1998.2402,0.0042,-1.7867,-0.0893,0x/Matcha,1995.4423,-0.2282,4,3
2026-04-29 10:28:03,WBTC,ok,,2000,KyberSwap,0.02599742,0.0015,Odos,1998.1333,0.0061,-1.8961,-0.0948,0x/Matcha,1995.2726,-0.2366,4,3
2026-04-29 10:28:05,AAVE,ok,,2000,KyberSwap,20.538164864057705,0.0679,Odos,1988.6737,0.0517,-11.3677,-0.5684,0x/Matcha,1985.7269,-0.714,4,3
2026-04-29 10:28:14,LINK,ok,,2000,Odos,214.43120364392962,0.1053,KyberSwap,1993.7746,0.0183,-6.3077,-0.3154,0x/Matcha,1990.7993,-0.4631,4,3
2026-04-29 10:28:14,UNI,ok,,2000,Odos,605.5373371057835,0.2743,KyberSwap,1975.575,0.1846,-24.5664,-1.2283,0x/Matcha,1972.5467,-1.379,4,3
2026-04-29 10:28:18,CRV,ok,,2000,Odos,8453.808093421156,1.2546,KyberSwap,1915.2827,0.9299,-84.8868,-4.2443,0x/Matcha,1912.7066,-4.3718,4,3
2026-04-29 10:28:19,SUSHI,skipped,high_buy_slippage,2000,Odos,8266.710868732729,8.1047,,,,,,,,,4,
2026-04-29 10:28:25,WMATIC,ok,,2000,KyberSwap,21549.904541153126,0.0057,Odos,1997.3401,0.0111,-2.6903,-0.1345,0x/Matcha,1994.334,-0.2843,4,3
2026-04-29 10:28:26,BAL,skipped,high_buy_slippage,2000,KyberSwap,12805.803286395307,2.3327,,,,,,,,,3,
2026-04-29 10:28:31,GRT,skipped,high_buy_slippage,2000,KyberSwap,73423.23732246175,5.5261,,,,,,,,,3,
2026-04-29 10:28:31,SNX,skipped,high_buy_slippage,2000,KyberSwap,5707.236151133727,6.0885,,,,,,,,,3,
2026-04-29 10:28:33,DAI,ok,,2000,KyberSwap,1999.981349112198,0.0001,Odos,1999.8996,0.0,-0.1165,-0.0058,0x/Matcha,1996.8802,-0.1562,4,3
2026-04-29 10:28:43,LDO,ok,,2000,Odos,5067.710603850602,0.3083,KyberSwap,1970.6889,0.1921,-29.3968,-1.4698,0x/Matcha,1967.3046,-1.6381,4,3
2026-04-29 10:28:44,stMATIC,ok,,2000,Odos,18746.72429756153,0.1376,KyberSwap,1975.4992,0.1448,-24.5795,-1.229,0x/Matcha,1972.5068,-1.3778,4,3
2026-04-29 10:28:45,FRAX,skipped,sell_slippage_filtered_all,2000,Odos,2015.0506003920038,0.2124,,,,,,,,,4,3
2026-04-29 10:28:46,GHST,skipped,no_buy_quotes,2000,,,,,,,,,,,,0,
2026-04-29 10:28:48,DPI,skipped,high_buy_slippage,2000,KyberSwap,20.172406105467072,37.8455,,,,,,,,,3,
2026-04-29 10:28:52,STG,skipped,high_buy_slippage,2000,0x/Matcha,2689.725642899843,51.103,,,,,,,,,4,
2026-04-29 10:28:52,MKR,skipped,high_buy_slippage,2000,Odos,0.9062719116132029,5.2448,,,,,,,,,4,
2026-04-29 10:28:53,COMP,skipped,no_buy_quotes,2000,,,,,,,,,,,,0,
2026-04-29 10:28:58,QUICK,ok,,2000,Odos,169.5349898952387,0.8434,KyberSwap,1943.4562,0.5855,-56.6761,-2.8338,0x/Matcha,1930.8793,-3.4612,4,3
2026-04-29 10:28:59,WOO,skipped,high_buy_slippage,2000,KyberSwap,94469.41962937839,5.3023,,,,,,,,,4,
2026-04-29 10:28:59,SUSHI.e,skipped,high_buy_slippage,2000,Odos,8269.126635876097,8.0993,,,,,,,,,4,
2026-04-29 10:29:20,AAVE,ok,,2000,KyberSwap,20.53971596828483,0.0721,Odos,1988.3033,0.0436,-11.7874,-0.5894,0x/Matcha,1985.2277,-0.739,4,3
2026-04-29 10:29:20,WETH,ok,,2000,KyberSwap,0.859233349349125,0.0011,Odos,1998.1881,0.0118,-1.883,-0.0941,0x/Matcha,1995.2526,-0.2377,4,3
2026-04-29 10:29:20,WBTC,ok,,2000,KyberSwap,0.02599764,0.0002,Odos,1998.0592,0.0085,-1.9676,-0.0984,0x/Matcha,1995.7718,-0.2117,4,3
2026-04-29 10:29:31,LINK,ok,,2000,KyberSwap,214.4977579165619,0.0938,Odos,1993.8188,0.0198,-6.2884,-0.3144,0x/Matcha,1990.7793,-0.4622,4,3
2026-04-29 10:29:32,UNI,ok,,2000,Odos,605.652524920527,0.2731,KyberSwap,1974.8818,0.2068,-25.2451,-1.2623,0x/Matcha,1972.377,-1.3862,4,3
2026-04-29 10:29:34,CRV,ok,,2000,Odos,8455.386062531697,1.2494,KyberSwap,1915.1829,0.934,-85.0384,-4.2519,0x/Matcha,1912.6367,-4.3776,4,3
2026-04-29 10:29:36,SUSHI,skipped,high_buy_slippage,2000,Odos,8269.202363099537,8.1001,,,,,,,,,4,
2026-04-29 10:29:41,BAL,skipped,high_buy_slippage,2000,KyberSwap,12807.883936498854,2.3855,,,,,,,,,3,
2026-04-29 10:29:45,WMATIC,ok,,2000,KyberSwap,21552.044134241,0.009,Odos,1997.3898,0.0068,-2.7008,-0.135,0x/Matcha,1994.314,-0.2846,4,3
2026-04-29 10:29:46,DAI,ok,,2000,KyberSwap,1999.9791905869995,0.0002,Odos,1999.8933,0.0003,-0.1215,-0.0061,0x/Matcha,1996.8902,-0.1557,4,3
2026-04-29 10:29:46,GRT,skipped,high_buy_slippage,2000,KyberSwap,73443.47878151348,5.6533,,,,,,,,,3,
2026-04-29 10:29:49,SNX,skipped,high_buy_slippage,2000,KyberSwap,5709.299470744261,6.3007,,,,,,,,,3,
2026-04-29 10:29:57,LDO,ok,,2000,Odos,5069.202188206918,0.3212,KyberSwap,1971.0485,0.1934,-29.0196,-1.451,0x/Matcha,1967.8338,-1.6105,4,3
2026-04-29 10:30:00,FRAX,skipped,sell_slippage_filtered_all,2000,Odos,2015.1982183941818,0.2198,,,,,,,,,4,3
2026-04-29 10:30:01,GHST,skipped,no_buy_quotes,2000,,,,,,,,,,,,0,
2026-04-29 10:30:02,stMATIC,ok,,2000,Odos,18749.348424147844,0.1999,KyberSwap,1975.7883,0.1203,-24.2839,-1.2142,0x/Matcha,1972.7864,-1.3626,4,3
2026-04-29 10:30:05,DPI,skipped,high_buy_slippage,2000,KyberSwap,20.173281729420108,38.2097,,,,,,,,,3,
2026-04-29 10:30:07,STG,skipped,high_buy_slippage,2000,0x/Matcha,2683.854707283703,51.0853,,,,,,,,,4,
2026-04-29 10:30:09,COMP,skipped,no_buy_quotes,2000,,,,,,,,,,,,0,
2026-04-29 10:30:09,QUICK,ok,,2000,Odos,169.58894260139755,0.8544,KyberSwap,1943.7067,0.598,-56.5272,-2.8264,0x/Matcha,1931.3886,-3.4411,4,3
2026-04-29 10:30:11,MKR,skipped,high_buy_slippage,2000,Odos,0.9063184405057182,5.2813,,,,,,,,,4,
2026-04-29 10:30:13,SUSHI.e,skipped,high_buy_slippage,2000,Odos,8272.556775325273,8.0974,,,,,,,,,4,
2026-04-29 10:30:16,WOO,skipped,high_buy_slippage,2000,Odos,94513.78692358507,5.3057,,,,,,,,,4,
2026-04-29 10:30:37,AAVE,ok,,2000,KyberSwap,20.54745728514539,0.1284,Odos,1988.4562,0.0313,-11.8738,-0.5937,0x/Matcha,1985.3874,-0.732,4,3
2026-04-29 10:30:40,WETH,ok,,2000,KyberSwap,0.8596735851824575,0.001,Odos,1998.6016,0.0185,-1.5996,-0.08,0x/Matcha,1995.6221,-0.2197,4,3
2026-04-29 10:30:42,WBTC,ok,,2000,KyberSwap,0.02600642,-0.0036,Odos,1998.6666,0.0106,-1.3905,-0.0695,0x/Matcha,1995.8717,-0.2069,4,3
2026-04-29 10:30:50,UNI,ok,,2000,Odos,606.0630950417531,0.2782,KyberSwap,1974.9834,0.2061,-25.3013,-1.2651,0x/Matcha,1973.0759,-1.3569,4,3
2026-04-29 10:30:52,CRV,ok,,2000,Odos,8461.383443126108,1.2533,KyberSwap,1915.4801,0.9439,-84.8422,-4.2421,0x/Matcha,1913.2259,-4.352,4,3
2026-04-29 10:30:56,LINK,ok,,2000,Odos,214.61505926305568,0.0984,KyberSwap,1994.5229,0.0169,-5.6323,-0.2816,0x/Matcha,1991.5083,-0.4302,4,3
2026-04-29 10:30:56,SUSHI,skipped,high_buy_slippage,2000,Odos,8272.641373664603,8.1133,,,,,,,,,4,
2026-04-29 10:31:02,BAL,skipped,high_buy_slippage,2000,KyberSwap,12810.636628086051,2.3994,,,,,,,,,3,
2026-04-29 10:31:02,WMATIC,ok,,2000,KyberSwap,21569.507643522025,0.0066,Odos,1998.0027,0.0144,-2.1065,-0.1053,0x/Matcha,1994.9131,-0.2551,4,3
2026-04-29 10:31:06,SNX,skipped,high_buy_slippage,2000,KyberSwap,5711.909285627478,6.3155,,,,,,,,,3,
2026-04-29 10:31:06,DAI,ok,,2000,KyberSwap,1999.9760602074493,0.0002,Odos,1999.9407,0.0001,-0.0753,-0.0038,0x/Matcha,1996.9401,-0.1532,4,3
2026-04-29 10:31:08,GRT,skipped,high_buy_slippage,2000,KyberSwap,73475.54248220188,5.6687,,,,,,,,,3,
2026-04-29 10:31:17,FRAX,skipped,sell_slippage_filtered_all,2000,Odos,2015.1982392951686,0.2195,,,,,,,,,4,3
2026-04-29 10:31:19,LDO,ok,,2000,Odos,5072.209390972038,0.3027,KyberSwap,1971.1699,0.1958,-28.9207,-1.446,0x/Matcha,1968.1434,-1.5957,4,3
2026-04-29 10:31:20,GHST,skipped,no_buy_quotes,2000,,,,,,,,,,,,0,
2026-04-29 10:31:23,DPI,skipped,high_buy_slippage,2000,KyberSwap,20.176723143324313,38.218,,,,,,,,,3,
2026-04-29 10:31:24,stMATIC,ok,,2000,Odos,18763.850022476647,0.1282,KyberSwap,1976.5443,0.1299,-23.5964,-1.1798,0x/Matcha,1973.3455,-1.3372,4,3
2026-04-29 10:31:29,STG,skipped,high_buy_slippage,2000,KyberSwap,2678.8306348441047,50.3176,,,,,,,,,4,
2026-04-29 10:31:30,COMP,skipped,no_buy_quotes,2000,,,,,,,,,,,,0,
2026-04-29 10:31:31,QUICK,ok,,2000,Odos,169.626455892156,0.8495,KyberSwap,1943.7433,0.5954,-56.3694,-2.8185,0x/Matcha,1931.3287,-3.4379,4,3
2026-04-29 10:31:32,MKR,skipped,high_buy_slippage,2000,Odos,0.9067002206506523,5.243,,,,,,,,,4,
2026-04-29 10:31:35,WOO,skipped,high_buy_slippage,2000,KyberSwap,94520.56772220471,5.3037,,,,,,,,,4,
2026-04-29 10:31:38,SUSHI.e,skipped,high_buy_slippage,2000,Odos,8273.476844602197,8.1036,,,,,,,,,4,
2026-04-29 10:31:59,WETH,ok,,2000,KyberSwap,0.85971794597264,0.0007,Odos,1998.7094,0.0098,-1.3743,-0.0687,0x/Matcha,1995.5821,-0.2212,4,3
2026-04-29 10:32:01,WBTC,ok,,2000,Odos,0.02601394,0.0007,KyberSwap,1999.2613,0.0122,-0.7534,-0.0377,0x/Matcha,1996.2511,-0.1877,4,3
2026-04-29 10:32:02,AAVE,ok,,2000,KyberSwap,20.548360863215862,0.127,Odos,1988.5063,-0.0007,-11.5996,-0.58,0x/Matcha,1984.8882,-0.7559,4,3
2026-04-29 10:32:09,UNI,ok,,2000,Odos,606.1115297589768,0.2742,KyberSwap,1975.3636,0.1956,-24.771,-1.2385,0x/Matcha,1973.066,-1.3519,4,3
2026-04-29 10:32:16,LINK,ok,,2000,KyberSwap,214.62227515750646,0.0984,Odos,1994.5251,0.0141,-5.6013,-0.2801,0x/Matcha,1991.3884,-0.4317,4,3
2026-04-29 10:32:17,SUSHI,skipped,high_buy_slippage,2000,Odos,8272.649398295787,8.1118,,,,,,,,,4,
2026-04-29 10:32:17,CRV,ok,,2000,Odos,8461.290792975675,1.2528,KyberSwap,1915.4432,0.934,-84.6901,-4.2345,0x/Matcha,1912.9762,-4.3564,4,3
2026-04-29 10:32:22,BAL,skipped,high_buy_slippage,2000,KyberSwap,12814.686397439706,2.3884,,,,,,,,,3,
2026-04-29 10:32:27,GRT,skipped,high_buy_slippage,2000,KyberSwap,73487.17646691031,5.6688,,,,,,,,,3,
2026-04-29 10:32:28,WMATIC,ok,,2000,KyberSwap,21569.307903183606,0.0081,Odos,1997.8718,0.0115,-2.2525,-0.1126,0x/Matcha,1994.7534,-0.2633,4,3
2026-04-29 10:32:32,SNX,skipped,high_buy_slippage,2000,KyberSwap,5711.694028237352,6.3232,,,,,,,,,3,
2026-04-29 10:32:33,DAI,ok,,2000,KyberSwap,1999.9747285965395,0.0002,Odos,1999.915,0.0013,-0.1122,-0.0056,0x/Matcha,1996.9001,-0.1552,4,3
2026-04-29 10:32:39,stMATIC,ok,,2000,Odos,18763.653531203945,0.1283,KyberSwap,1976.64,0.1136,-23.474,-1.1737,0x/Matcha,1973.1059,-1.3491,4,3
2026-04-29 10:32:47,LDO,ok,,2000,Odos,5074.258952773523,0.3072,KyberSwap,1971.0165,0.1944,-29.0765,-1.4538,0x/Matcha,1968.1633,-1.5947,4,3
2026-04-29 10:32:48,GHST,skipped,no_buy_quotes,2000,,,,,,,,,,,,0,
2026-04-29 10:32:48,QUICK,ok,,2000,Odos,169.6699570807945,0.8387,KyberSwap,1943.3299,0.5962,-56.7955,-2.8398,0x/Matcha,1931.3486,-3.4372,4,3
2026-04-29 10:32:51,FRAX,skipped,sell_slippage_filtered_all,2000,Odos,2015.260757182897,0.2239,,,,,,,,,4,3
2026-04-29 10:32:53,DPI,skipped,high_buy_slippage,2000,KyberSwap,20.180262538218713,38.2266,,,,,,,,,3,
2026-04-29 10:32:54,COMP,skipped,no_buy_quotes,2000,,,,,,,,,,,,0,
2026-04-29 10:32:54,STG,skipped,high_buy_slippage,2000,0x/Matcha,2681.598770024453,51.2633,,,,,,,,,4,
2026-04-29 10:32:56,MKR,skipped,high_buy_slippage,2000,Odos,0.9071374126387934,5.2421,,,,,,,,,4,
2026-04-29 10:32:58,SUSHI.e,skipped,high_buy_slippage,2000,Odos,8276.559589229546,8.1143,,,,,,,,,4,
2026-04-29 10:32:59,WOO,skipped,high_buy_slippage,2000,KyberSwap,94571.89687145922,5.3067,,,,,,,,,4,
2026-04-29 10:33:20,WETH,ok,,2000,KyberSwap,0.8602321857674099,0.0006,Odos,1998.6852,0.0142,-1.4333,-0.0717,0x/Matcha,1995.5222,-0.2242,4,3
2026-04-29 10:33:21,AAVE,ok,,2000,KyberSwap,20.57203122100788,0.1377,Odos,1988.2053,0.0234,-11.9204,-0.596,0x/Matcha,1985.1778,-0.7415,4,3
2026-04-29 10:33:23,WBTC,ok,,2000,KyberSwap,0.0260329,0.0019,Odos,1999.4076,0.01,-0.6345,-0.0317,0x/Matcha,1996.4009,-0.1803,4,3
2026-04-29 10:33:30,UNI,ok,,2000,Odos,606.3063213405593,0.2803,KyberSwap,1975.0064,0.1984,-25.1139,-1.2557,0x/Matcha,1972.9761,-1.3558,4,3
2026-04-29 10:33:33,CRV,ok,,2000,Odos,8464.773499020961,1.2595,KyberSwap,1915.3796,0.9345,-84.7865,-4.2393,0x/Matcha,1912.8664,-4.3632,4,3
2026-04-29 10:33:33,LINK,ok,,2000,KyberSwap,214.74117957875345,0.0972,Odos,1994.4556,0.0197,-5.6798,-0.284,0x/Matcha,1991.4184,-0.4302,4,3
2026-04-29 10:33:37,SUSHI,skipped,high_buy_slippage,2000,Odos,8276.401820758198,8.1148,,,,,,,,,4,
2026-04-29 10:33:42,BAL,skipped,high_buy_slippage,2000,KyberSwap,12818.578770346045,2.3903,,,,,,,,,3,
2026-04-29 10:33:44,WMATIC,ok,,2000,KyberSwap,21573.05111739413,0.0117,Odos,1997.845,0.0148,-2.2346,-0.1117,0x/Matcha,1994.7434,-0.2631,4,3
2026-04-29 10:33:47,DAI,ok,,2000,KyberSwap,2000.011091224809,0.0001,Odos,1999.9062,0.0007,-0.1117,-0.0056,0x/Matcha,1996.8902,-0.1558,4,3
2026-04-29 10:33:48,SNX,skipped,high_buy_slippage,2000,KyberSwap,5713.819300991051,6.3073,,,,,,,,,3,
2026-04-29 10:33:49,GRT,skipped,high_buy_slippage,2000,KyberSwap,73513.22820854501,5.6652,,,,,,,,,3,
2026-04-29 10:33:58,stMATIC,ok,,2000,Odos,18766.209912803894,0.1417,KyberSwap,1976.0143,0.1432,-24.0958,-1.2048,0x/Matcha,1973.046,-1.3513,4,3
2026-04-29 10:33:59,LDO,ok,,2000,Odos,5074.953251048311,0.3043,KyberSwap,1971.0891,0.1958,-28.9895,-1.4495,0x/Matcha,1968.1334,-1.5957,4,3
2026-04-29 10:34:00,GHST,skipped,no_buy_quotes,2000,,,,,,,,,,,,0,
2026-04-29 10:34:01,FRAX,skipped,sell_slippage_filtered_all,2000,Odos,2015.2465717613668,0.2238,,,,,,,,,4,3
2026-04-29 10:34:05,STG,skipped,high_buy_slippage,2000,KyberSwap,2678.8281551797922,50.3176,,,,,,,,,4,
2026-04-29 10:34:05,DPI,skipped,high_buy_slippage,2000,KyberSwap,20.18041443944302,38.2264,,,,,,,,,3,
2026-04-29 10:34:07,COMP,skipped,no_buy_quotes,2000,,,,,,,,,,,,0,
2026-04-29 10:34:08,QUICK,ok,,2000,Odos,169.6870155625474,0.8387,KyberSwap,1943.3865,0.5987,-56.7447,-2.8372,0x/Matcha,1931.4185,-3.4341,4,3
2026-04-29 10:34:11,SUSHI.e,skipped,high_buy_slippage,2000,Odos,8276.601785963489,8.1119,,,,,,,,,4,
2026-04-29 10:34:14,MKR,skipped,high_buy_slippage,2000,Odos,0.9070556847006259,5.2524,,,,,,,,,4,
2026-04-29 10:34:16,WOO,skipped,high_buy_slippage,2000,KyberSwap,94572.13168671688,5.3394,,,,,,,,,4,
2026-04-29 10:34:36,AAVE,ok,,2000,KyberSwap,20.57384838231471,0.201,Odos,1988.1891,0.0107,-11.9529,-0.5976,0x/Matcha,1984.4888,-0.776,4,3
2026-04-29 10:34:40,WETH,ok,,2000,KyberSwap,0.860561842286426,0.0473,Odos,1998.5244,0.0157,-1.5923,-0.0796,0x/Matcha,1995.1428,-0.2432,4,3
2026-04-29 10:34:43,WBTC,ok,,2000,KyberSwap,0.0260302,0.0545,Odos,1998.807,0.0129,-1.2271,-0.0614,0x/Matcha,1995.5322,-0.2237,4,3
2026-04-29 10:34:47,UNI,ok,,2000,Odos,606.8162434665418,0.2758,KyberSwap,1975.823,0.1894,-24.2927,-1.2146,0x/Matcha,1973.705,-1.3189,4,3
2026-04-29 10:34:51,SUSHI,skipped,high_buy_slippage,2000,Odos,8282.765864620334,8.1136,,,,,,,,,4,
2026-04-29 10:34:54,LINK,ok,,2000,Odos,214.90220694823634,0.0951,KyberSwap,1995.1914,0.0298,-4.8622,-0.2431,0x/Matcha,1992.2571,-0.3887,4,3
2026-04-29 10:34:54,CRV,ok,,2000,Odos,8473.242554427463,1.2482,KyberSwap,1916.5461,0.934,-83.5941,-4.1797,0x/Matcha,1913.9348,-4.3087,4,3
2026-04-29 10:35:00,BAL,skipped,high_buy_slippage,2000,KyberSwap,12824.565179817488,2.3881,,,,,,,,,3,
2026-04-29 10:35:03,GRT,skipped,high_buy_slippage,2000,KyberSwap,73557.55320930305,5.6628,,,,,,,,,3,
2026-04-29 10:35:04,WMATIC,ok,,2000,KyberSwap,21593.496297125253,0.008,Odos,1999.5027,0.0122,-0.5633,-0.0282,0x/Matcha,1996.4109,-0.1799,4,3
2026-04-29 10:35:07,SNX,skipped,high_buy_slippage,2000,KyberSwap,5717.697243040436,6.3121,,,,,,,,,3,
2026-04-29 10:35:08,DAI,ok,,2000,Odos,2000.0188631504082,0.0013,KyberSwap,1999.8995,-0.0005,-0.1236,-0.0062,0x/Matcha,1996.8802,-0.1568,4,3
2026-04-29 10:35:20,stMATIC,ok,,2000,Odos,18781.86839559525,0.1444,KyberSwap,1977.2711,0.1372,-22.8034,-1.1402,0x/Matcha,1974.3141,-1.2864,4,3
2026-04-29 10:35:21,FRAX,skipped,sell_slippage_filtered_all,2000,Odos,2015.3407174986503,0.225,,,,,,,,,4,3
2026-04-29 10:35:22,LDO,ok,,2000,Odos,5079.362809830173,0.3011,KyberSwap,1972.0221,0.1955,-28.0423,-1.4021,0x/Matcha,1968.8523,-1.5593,4,3
2026-04-29 10:35:22,GHST,skipped,no_buy_quotes,2000,,,,,,,,,,,,0,
2026-04-29 10:35:26,DPI,skipped,high_buy_slippage,2000,KyberSwap,20.18261787626279,38.1631,,,,,,,,,3,
2026-04-29 10:35:30,STG,skipped,high_buy_slippage,2000,0x/Matcha,2690.405096471328,51.1027,,,,,,,,,4,
2026-04-29 10:35:32,QUICK,ok,,2000,Odos,169.8001912108233,0.8403,KyberSwap,1944.1882,0.5959,-55.9259,-2.7963,0x/Matcha,1932.0975,-3.3995,4,3
2026-04-29 10:35:32,COMP,skipped,no_buy_quotes,2000,,,,,,,,,,,,0,
2026-04-29 10:35:34,MKR,skipped,high_buy_slippage,2000,Odos,0.9076614061338041,5.2559,,,,,,,,,4,
2026-04-29 10:35:36,SUSHI.e,skipped,high_buy_slippage,2000,Odos,8280.572460657151,8.1265,,,,,,,,,4,
2026-04-29 10:35:38,WOO,skipped,high_buy_slippage,2000,KyberSwap,94641.98994333678,5.3125,,,,,,,,,4,
2026-04-29 10:35:59,AAVE,ok,,2000,KyberSwap,20.59706641120907,0.2443,Odos,1989.0451,0.0103,-11.0492,-0.5525,0x/Matcha,1985.4673,-0.727,4,3
2026-04-29 10:36:01,WBTC,ok,,2000,KyberSwap,0.02603888,0.0003,Odos,1999.232,-0.0007,-0.8118,-0.0406,0x/Matcha,1995.9815,-0.2013,4,3
2026-04-29 10:36:01,WETH,ok,,2000,KyberSwap,0.8609516631239057,0.003,Odos,1999.057,0.0116,-1.0436,-0.0522,0x/Matcha,1995.6121,-0.2197,4,3
2026-04-29 10:36:12,CRV,ok,,2000,Odos,8475.560180494273,1.2703,KyberSwap,1914.4774,0.9472,-85.7065,-4.2853,0x/Matcha,1911.9777,-4.4089,4,3
2026-04-29 10:36:14,LINK,ok,,2000,Odos,214.91837009169078,0.0947,KyberSwap,1994.1518,0.0077,-5.908,-0.2954,0x/Matcha,1990.979,-0.4529,4,3
2026-04-29 10:36:14,UNI,ok,,2000,Odos,606.6808374936937,0.286,KyberSwap,1975.6714,0.1955,-24.4261,-1.2213,0x/Matcha,1973.1758,-1.3451,4,3
2026-04-29 10:36:20,SUSHI,skipped,high_buy_slippage,2000,Odos,8280.936371765612,8.1165,,,,,,,,,4,
2026-04-29 10:36:24,BAL,skipped,high_buy_slippage,2000,KyberSwap,12821.326388146486,2.4028,,,,,,,,,3,
2026-04-29 10:36:25,DAI,ok,,2000,Odos,2000.0054819899424,0.0018,KyberSwap,1999.8845,-0.0003,-0.1454,-0.0073,0x/Matcha,1996.8702,-0.1576,4,3
2026-04-29 10:36:25,WMATIC,ok,,2000,KyberSwap,21574.10102797279,0.0187,Odos,1997.5152,0.0104,-2.5839,-0.1292,0x/Matcha,1994.4139,-0.2803,4,3
2026-04-29 10:36:27,GRT,skipped,high_buy_slippage,2000,KyberSwap,73525.0329906236,5.6799,,,,,,,,,3,
2026-04-29 10:36:32,SNX,skipped,high_buy_slippage,2000,KyberSwap,5713.623898395955,6.3357,,,,,,,,,3,
2026-04-29 10:36:38,stMATIC,ok,,2000,Odos,18769.389700243464,0.1548,KyberSwap,1975.7541,0.1182,-24.3445,-1.2172,0x/Matcha,1972.8563,-1.3607,4,3
2026-04-29 10:36:44,LDO,ok,,2000,Odos,5082.240249463358,0.3157,KyberSwap,1971.7909,0.1979,-28.285,-1.4142,0x/Matcha,1968.5428,-1.5756,4,3
2026-04-29 10:36:45,GHST,skipped,no_buy_quotes,2000,,,,,,,,,,,,0,
2026-04-29 10:36:47,FRAX,skipped,sell_slippage_filtered_all,2000,Odos,2015.2485643844943,0.2201,,,,,,,,,4,3
2026-04-29 10:36:49,DPI,skipped,high_buy_slippage,2000,KyberSwap,20.210779903719594,38.077,,,,,,,,,3,
2026-04-29 10:36:49,QUICK,ok,,2000,Odos,169.741765562054,0.8342,KyberSwap,1942.4451,0.6274,-57.6764,-2.8838,0x/Matcha,1931.4085,-3.4348,4,3
2026-04-29 10:36:52,COMP,skipped,no_buy_quotes,2000,,,,,,,,,,,,0,
2026-04-29 10:36:53,MKR,skipped,high_buy_slippage,2000,Odos,0.9076571355534034,5.2561,,,,,,,,,4,
2026-04-29 10:36:54,STG,skipped,high_buy_slippage,2000,0x/Matcha,2693.900485160884,51.0235,,,,,,,,,4,
2026-04-29 10:36:56,SUSHI.e,skipped,high_buy_slippage,2000,Odos,8277.667159265851,8.1273,,,,,,,,,4,
2026-04-29 10:36:57,WOO,skipped,high_buy_slippage,2000,KyberSwap,94641.71372122777,5.2818,,,,,,,,,4,
2026-04-29 10:37:20,WBTC,ok,,2000,KyberSwap,0.02603793,0.0035,Odos,1999.0015,0.0079,-1.0687,-0.0534,0x/Matcha,1995.9216,-0.2043,4,3
2026-04-29 10:37:20,AAVE,ok,,2000,KyberSwap,20.595891264310794,0.2191,Odos,1988.4291,0.0334,-11.6863,-0.5843,0x/Matcha,1985.4873,-0.7262,4,3
2026-04-29 10:37:23,WETH,ok,,2000,KyberSwap,0.8606005701687787,0.0085,Odos,1998.3046,0.0076,-1.7671,-0.0884,0x/Matcha,1995.9516,-0.2028,4,3
2026-04-29 10:37:33,LINK,ok,,2000,KyberSwap,214.89870129340423,0.094,Odos,1993.8777,0.0192,-6.2239,-0.3112,0x/Matcha,1990.7694,-0.4627,4,3
2026-04-29 10:37:35,UNI,skipped,sell_slippage_filtered_all,2000,Odos,606.5604383682722,0.28,,,,,,,,,4,3
2026-04-29 10:37:36,CRV,ok,,2000,Odos,8474.973848302441,1.2589,KyberSwap,1914.7051,0.9433,-85.4555,-4.2728,0x/Matcha,1911.6882,-4.4221,4,3
2026-04-29 10:37:37,SUSHI,skipped,high_buy_slippage,2000,Odos,8278.102859939047,8.1159,,,,,,,,,4,
2026-04-29 10:37:41,BAL,skipped,high_buy_slippage,2000,KyberSwap,12821.294828187545,2.3912,,,,,,,,,3,
2026-04-29 10:37:45,GRT,skipped,high_buy_slippage,2000,KyberSwap,73524.74978767298,5.6643,,,,,,,,,3,
2026-04-29 10:37:48,DAI,ok,,2000,KyberSwap,2000.0806275499617,0.0029,Odos,1999.9578,0.0004,-0.0712,-0.0036,0x/Matcha,1996.9301,-0.154,4,3
2026-04-29 10:37:48,WMATIC,ok,,2000,KyberSwap,21574.18494637013,0.0129,Odos,1997.4443,0.0097,-2.6447,-0.1322,0x/Matcha,1994.344,-0.284,4,3
2026-04-29 10:37:49,SNX,skipped,high_buy_slippage,2000,KyberSwap,5714.25301383024,6.3083,,,,,,,,,3,
2026-04-29 10:38:01,FRAX,skipped,sell_slippage_filtered_all,2000,Odos,2015.245430402301,0.2189,,,,,,,,,4,3
2026-04-29 10:38:01,stMATIC,ok,,2000,Odos,18768.966913557615,0.1519,KyberSwap,1975.7333,0.1195,-24.3397,-1.217,0x/Matcha,1972.8363,-1.3606,4,3
2026-04-29 10:38:02,GHST,skipped,no_buy_quotes,2000,,,,,,,,,,,,0,
2026-04-29 10:38:05,LDO,ok,,2000,Odos,5082.283792835564,0.3129,KyberSwap,1971.2533,0.2195,-28.8011,-1.4401,0x/Matcha,1968.1334,-1.5948,4,3
2026-04-29 10:38:06,DPI,skipped,high_buy_slippage,2000,KyberSwap,20.183271140643384,38.4495,,,,,,,,,3,
2026-04-29 10:38:10,STG,skipped,high_buy_slippage,2000,0x/Matcha,2692.9617765288663,51.0563,,,,,,,,,4,
2026-04-29 10:38:12,COMP,skipped,no_buy_quotes,2000,,,,,,,,,,,,0,
2026-04-29 10:38:12,MKR,skipped,high_buy_slippage,2000,Odos,0.9076440526041225,5.2551,,,,,,,,,4,
2026-04-29 10:38:15,QUICK,ok,,2000,Odos,169.74794590183197,0.8333,KyberSwap,1942.095,0.6121,-58.036,-2.9018,0x/Matcha,1931.6482,-3.4231,4,3
2026-04-29 10:38:16,WOO,skipped,high_buy_slippage,2000,KyberSwap,94640.65676413296,5.2701,,,,,,,,,4,
2026-04-29 10:38:20,SUSHI.e,skipped,high_buy_slippage,2000,Odos,8277.799282363869,8.1173,,,,,,,,,4,
2026-04-29 10:38:40,WBTC,ok,,2000,KyberSwap,0.02602768,0.0006,Odos,1998.3141,0.0052,-1.7053,-0.0853,0x/Matcha,1996.2012,-0.1903,4,3
2026-04-29 10:38:47,AAVE,ok,,2000,KyberSwap,20.59808768417761,0.184,Odos,1988.1368,0.0257,-11.9431,-0.5972,0x/Matcha,1985.1977,-0.7405,4,3
2026-04-29 10:38:48,WETH,ok,,2000,Odos,0.8604651012559612,0.0094,KyberSwap,1997.9652,0.0319,-2.0809,-0.104,0x/Matcha,1995.4523,-0.2293,4,3
2026-04-29 10:38:54,UNI,ok,,2000,Odos,606.496465349985,0.2766,KyberSwap,1975.2735,0.2031,-24.8446,-1.2422,0x/Matcha,1972.8463,-1.3626,4,3
2026-04-29 10:38:59,SUSHI,skipped,high_buy_slippage,2000,Odos,8277.753890802785,8.116,,,,,,,,,4,
2026-04-29 10:39:01,LINK,ok,,2000,Odos,214.8690130891938,0.1037,KyberSwap,1993.4158,0.0769,-6.6604,-0.333,0x/Matcha,1991.1787,-0.444,4,3
2026-04-29 10:39:03,CRV,ok,,2000,Odos,8474.612725311505,1.2575,KyberSwap,1914.5542,0.9431,-85.5811,-4.2791,0x/Matcha,1912.2174,-4.3946,4,3
2026-04-29 10:39:07,BAL,skipped,high_buy_slippage,2000,KyberSwap,12820.259039178593,2.3952,,,,,,,,,3,
2026-04-29 10:39:10,WMATIC,ok,,2000,KyberSwap,21571.695201382066,0.0027,Odos,1997.648,0.0106,-2.4187,-0.1209,0x/Matcha,1994.2941,-0.2859,4,3
2026-04-29 10:39:12,GRT,skipped,high_buy_slippage,2000,KyberSwap,73520.05257541081,5.6678,,,,,,,,,3,
2026-04-29 10:39:15,DAI,ok,,2000,KyberSwap,2000.088664622077,0.0017,Odos,1999.8991,-0.0,-0.1266,-0.0063,0x/Matcha,1996.8802,-0.1565,4,3
2026-04-29 10:39:17,SNX,skipped,high_buy_slippage,2000,KyberSwap,5714.385645203717,6.3044,,,,,,,,,3,
2026-04-29 10:39:27,stMATIC,ok,,2000,Odos,18766.736003459766,0.1407,KyberSwap,1975.5604,0.1184,-24.5555,-1.2278,0x/Matcha,1972.6865,-1.3697,4,3
2026-04-29 10:39:30,FRAX,skipped,sell_slippage_filtered_all,2000,Odos,2015.1942439506738,0.2166,,,,,,,,,4,3
2026-04-29 10:39:31,GHST,skipped,no_buy_quotes,2000,,,,,,,,,,,,0,
2026-04-29 10:39:34,DPI,skipped,high_buy_slippage,2000,KyberSwap,20.180176099841127,38.2288,,,,,,,,,3,
2026-04-29 10:39:38,STG,skipped,high_buy_slippage,2000,KyberSwap,2678.8365025494063,49.5901,,,,,,,,,4,
2026-04-29 10:39:45,MKR,skipped,high_buy_slippage,2000,Odos,0.9072980120244996,5.2599,,,,,,,,,4,
2026-04-29 10:39:47,COMP,skipped,no_buy_quotes,2000,,,,,,,,,,,,0,
2026-04-29 10:39:54,SUSHI.e,skipped,high_buy_slippage,2000,Odos,8278.242319803463,8.1149,,,,,,,,,4,
2026-04-29 10:39:59,WOO,skipped,high_buy_slippage,2000,Odos,94589.39890417914,5.3178,,,,,,,,,4,
2026-04-29 10:40:04,LDO,ok,,2000,Odos,5080.191659143167,0.3172,KyberSwap,1970.5863,0.1823,-29.5021,-1.4751,0x/Matcha,1967.9936,-1.6035,4,3
2026-04-29 10:40:08,QUICK,ok,,2000,Odos,169.7161746535231,0.8358,KyberSwap,1941.4939,0.6665,-58.631,-2.9315,0x/Matcha,1931.6582,-3.4224,4,3
2026-04-29 10:40:32,AAVE,ok,,2000,KyberSwap,20.596406134955508,0.1651,Odos,1988.1994,0.024,-11.897,-0.5949,0x/Matcha,1985.1977,-0.7405,4,3
2026-04-29 10:40:33,WETH,ok,,2000,KyberSwap,0.8603881257243492,0.0028,Odos,1998.4858,0.0043,-1.5397,-0.077,0x/Matcha,1995.8018,-0.2103,4,3
2026-04-29 10:40:36,WBTC,ok,,2000,KyberSwap,0.02602646,0.0008,Odos,1998.3044,0.0042,-1.7134,-0.0857,0x/Matcha,1995.9815,-0.2012,4,3
2026-04-29 10:40:48,LINK,ok,,2000,Odos,214.85054128264682,0.0959,KyberSwap,1993.8234,0.0385,-6.2487,-0.3124,0x/Matcha,1990.4598,-0.4796,4,3
2026-04-29 10:40:48,UNI,ok,,2000,Odos,606.4900969604928,0.2816,KyberSwap,1975.6516,0.198,-24.4648,-1.2232,0x/Matcha,1972.5367,-1.3779,4,3
2026-04-29 10:40:53,CRV,ok,,2000,Odos,8474.511603175104,1.2607,KyberSwap,1914.7129,0.9445,-85.4018,-4.2701,0x/Matcha,1911.6981,-4.42,4,3
2026-04-29 10:40:54,SUSHI,skipped,high_buy_slippage,2000,Odos,8277.948531347352,8.1105,,,,,,,,,4,
2026-04-29 10:41:00,WMATIC,ok,,2000,KyberSwap,21573.154348426993,0.0132,Odos,1997.6654,0.0033,-2.3784,-0.1189,0x/Matcha,1994.304,-0.2854,4,3
2026-04-29 10:41:02,BAL,skipped,high_buy_slippage,2000,KyberSwap,12819.708128881153,2.393,,,,,,,,,3,
2026-04-29 10:41:05,GRT,skipped,high_buy_slippage,2000,KyberSwap,73515.28500710746,5.671,,,,,,,,,3,
2026-04-29 10:41:06,SNX,skipped,high_buy_slippage,2000,KyberSwap,5713.141987981114,6.0747,,,,,,,,,3,
2026-04-29 10:41:07,DAI,ok,,2000,KyberSwap,1999.9747850856618,0.0002,Odos,1999.9068,0.0,-0.1045,-0.0052,0x/Matcha,1996.9001,-0.1552,4,3
2026-04-29 10:41:17,stMATIC,ok,,2000,Odos,18767.446059981376,0.1412,KyberSwap,1975.8758,0.1136,-24.2139,-1.2107,0x/Matcha,1972.7065,-1.3685,4,3
2026-04-29 10:41:18,FRAX,skipped,sell_slippage_filtered_all,2000,Odos,2015.2043753331643,0.2173,,,,,,,,,4,3
2026-04-29 10:41:22,GHST,skipped,no_buy_quotes,2000,,,,,,,,,,,,0,
2026-04-29 10:41:22,LDO,ok,,2000,Odos,5087.2231146707145,0.3245,KyberSwap,1970.8238,0.1619,-29.2595,-1.463,0x/Matcha,1968.353,-1.5857,4,3
2026-04-29 10:41:26,DPI,skipped,high_buy_slippage,2000,KyberSwap,20.179879084227082,37.8639,,,,,,,,,3,
2026-04-29 10:41:28,STG,skipped,high_buy_slippage,2000,0x/Matcha,2692.2445914700334,50.9324,,,,,,,,,4,
2026-04-29 10:41:29,COMP,skipped,no_buy_quotes,2000,,,,,,,,,,,,0,
2026-04-29 10:41:32,MKR,skipped,high_buy_slippage,2000,Odos,0.9072897362634216,5.243,,,,,,,,,4,
2026-04-29 10:41:33,QUICK,ok,,2000,Odos,169.69432960611599,0.8311,KyberSwap,1942.8935,0.5811,-57.2442,-2.8622,0x/Matcha,1931.3386,-3.4385,4,3
2026-04-29 10:41:35,SUSHI.e,skipped,high_buy_slippage,2000,Odos,8277.872158600934,8.1106,,,,,,,,,4,
2026-04-29 10:41:38,WOO,skipped,high_buy_slippage,2000,KyberSwap,94585.7693402481,5.309,,,,,,,,,4,
2026-04-29 10:49:37,AAVE,ok,,2000,KyberSwap,20.58353920301505,0.0675,Odos,1987.6437,0.0367,-12.4456,-0.6223,0x/Matcha,1984.5886,-0.7715,5,4
2026-04-29 10:49:37,WETH,ok,,2000,KyberSwap,0.8601101705384261,0.0018,Odos,1998.1344,0.009,-1.9013,-0.0951,0x/Matcha,1995.3026,-0.2352,5,4
2026-04-29 10:49:40,WBTC,ok,,2000,KyberSwap,0.02601793,0.0098,Odos,1998.1545,0.0005,-1.8546,-0.0927,UniswapV3,1997.2496,-0.1378,5,4
2026-04-29 10:49:52,CRV,ok,,2000,Odos,8464.670862214947,1.257,KyberSwap,1915.2929,0.9401,-84.8346,-4.2417,0x/Matcha,1911.9278,-4.4087,5,4
2026-04-29 10:49:56,UNI,ok,,2000,Odos,605.9568210862517,0.2563,KyberSwap,1975.4157,0.1858,-24.7123,-1.2356,0x/Matcha,1972.1274,-1.3991,5,4
2026-04-29 10:49:57,LINK,ok,,2000,Odos,214.77866013047893,0.0909,KyberSwap,1993.52,-0.0076,-6.5651,-0.3283,0x/Matcha,1990.4199,-0.4818,5,4
2026-04-29 10:49:58,SUSHI,skipped,high_buy_slippage,2000,Odos,8273.09425898042,8.0974,,,,,,,,,5,
2026-04-29 10:50:03,BAL,skipped,high_buy_slippage,2000,KyberSwap,12812.486651259693,2.3063,,,,,,,,,4,
2026-04-29 10:50:08,DAI,ok,,2000,KyberSwap,1999.9625002563564,0.0002,Odos,1999.9393,0.0011,-0.077,-0.0039,UniswapV3,1998.2915,-0.0856,5,4
2026-04-29 10:50:09,WMATIC,ok,,2000,Odos,21538.406056130683,0.0235,KyberSwap,1998.5104,-0.0481,-1.5719,-0.0786,0x/Matcha,1994.2541,-0.2908,5,4
2026-04-29 10:50:10,GRT,skipped,high_buy_slippage,2000,KyberSwap,73446.52632875871,5.4995,,,,,,,,,4,
2026-04-29 10:50:15,SNX,skipped,high_buy_slippage,2000,KyberSwap,5706.454935420641,6.0623,,,,,,,,,4,
2026-04-29 10:50:22,stMATIC,ok,,2000,Odos,18737.843371343155,0.1649,KyberSwap,1976.1879,0.0824,-23.9229,-1.1961,0x/Matcha,1972.4569,-1.3816,5,4
2026-04-29 10:50:26,FRAX,skipped,sell_slippage_filtered_all,2000,Odos,2015.0349438003718,0.2113,,,,,,,,,5,4
2026-04-29 10:50:27,LDO,ok,,2000,KyberSwap,5093.086377653353,0.3421,Odos,1971.9231,0.2224,-28.1794,-1.409,0x/Matcha,1968.5927,-1.571,5,4
2026-04-29 10:50:28,GHST,skipped,no_buy_quotes,2000,,,,,,,,,,,,0,
2026-04-29 10:50:31,DPI,skipped,high_buy_slippage,2000,KyberSwap,20.180846760135775,37.8619,,,,,,,,,4,
2026-04-29 10:50:35,MKR,skipped,high_buy_slippage,2000,Odos,0.9070005949034889,5.2539,,,,,,,,,3,
2026-04-29 10:50:36,STG,skipped,high_buy_slippage,2000,0x/Matcha,2692.497947787196,48.7566,,,,,,,,,5,
2026-04-29 10:50:37,QUICK,ok,,2000,Odos,169.6137863082154,0.8225,KyberSwap,1943.0274,0.58,-57.1316,-2.8566,0x/Matcha,1930.9492,-3.459,5,3
2026-04-29 10:50:39,COMP,skipped,no_buy_quotes,2000,,,,,,,,,,,,0,
2026-04-29 10:50:41,WOO,skipped,high_buy_slippage,2000,KyberSwap,94575.10288926837,5.3064,,,,,,,,,5,
2026-04-29 10:50:46,SUSHI.e,skipped,high_buy_slippage,2000,Odos,8273.14959597124,8.1066,,,,,,,,,5,
2026-04-29 10:55:32,WETH,ok,,2000,KyberSwap,0.8600903611369938,0.0014,Odos,1998.4634,0.0005,-1.5664,-0.0783,Sushi,1997.6489,-0.1183,6,5
2026-04-29 10:55:34,WBTC,ok,,2000,KyberSwap,0.02602134,0.0004,Odos,1998.4912,0.0142,-1.546,-0.0773,Sushi,1998.3823,-0.0814,6,5
2026-04-29 10:55:35,AAVE,ok,,2000,KyberSwap,20.583664795507257,0.0682,Odos,1987.6053,0.0346,-12.5762,-0.6288,Sushi,1987.0606,-0.6478,6,5
2026-04-29 10:55:44,UNI,ok,,2000,Odos,606.2736655836833,0.2488,KyberSwap,1974.9102,0.1915,-25.3701,-1.2685,Sushi,1974.7598,-1.2735,6,5
2026-04-29 10:55:49,CRV,ok,,2000,Odos,8467.612506125202,1.235,KyberSwap,1914.8862,0.9579,-85.5229,-4.2761,0x/Matcha,1912.2773,-4.4042,6,5
2026-04-29 10:55:50,LINK,ok,,2000,Odos,214.94114399889648,0.0889,KyberSwap,1994.1944,0.0118,-5.8851,-0.2943,Sushi,1993.5107,-0.3271,6,5
2026-04-29 10:55:52,SUSHI,skipped,high_buy_slippage,2000,Odos,8274.199313653995,8.1053,,,,,,,,,6,
2026-04-29 10:55:56,BAL,skipped,high_buy_slippage,2000,KyberSwap,12813.069242173953,2.307,,,,,,,,,5,
2026-04-29 10:56:01,GRT,skipped,high_buy_slippage,2000,KyberSwap,73453.6907740237,5.5188,,,,,,,,,5,
2026-04-29 10:56:05,DAI,ok,,2000,KyberSwap,1999.9564428612262,0.0001,Odos,1999.9265,0.0005,-0.0899,-0.0045,Sushi,1999.6968,-0.0153,6,5
2026-04-29 10:56:07,SNX,skipped,high_buy_slippage,2000,KyberSwap,5707.161343468755,6.0791,,,,,,,,,5,
2026-04-29 10:56:07,WMATIC,ok,,2000,KyberSwap,21550.596036581715,0.0034,Odos,1997.8312,0.0029,-2.1964,-0.1098,Sushi,1997.0347,-0.149,6,5
2026-04-29 10:56:19,stMATIC,ok,,2000,Odos,18748.74960343999,0.1453,KyberSwap,1976.0752,0.1156,-24.0267,-1.2013,0x/Matcha,1973.056,-1.3516,6,5
2026-04-29 10:56:25,FRAX,skipped,sell_slippage_filtered_all,2000,Odos,2015.0776147128624,0.2125,,,,,,,,,6,5
2026-04-29 10:56:25,LDO,ok,,2000,Odos,5093.139916167531,0.3325,KyberSwap,1971.7554,0.2113,-28.3328,-1.4166,Sushi,1969.1341,-1.5468,6,5
2026-04-29 10:56:30,DPI,skipped,high_buy_slippage,2000,KyberSwap,20.17912469468452,37.8594,,,,,,,,,5,
2026-04-29 10:56:33,GHST,skipped,no_buy_quotes,2000,,,,,,,,,,,,0,
2026-04-29 10:56:34,STG,skipped,high_buy_slippage,2000,KyberSwap,2730.196139149078,49.9174,,,,,,,,,6,
2026-04-29 10:56:36,QUICK,ok,,2000,Odos,169.65472334751692,0.8315,KyberSwap,1943.2621,0.5714,-56.9101,-2.8455,Sushi,1933.8206,-3.3161,6,4
2026-04-29 10:56:36,COMP,skipped,no_buy_quotes,2000,,,,,,,,,,,,0,
2026-04-29 10:56:42,MKR,skipped,high_buy_slippage,2000,Odos,0.9070039750893943,5.2532,,,,,,,,,5,
2026-04-29 10:56:43,SUSHI.e,skipped,high_buy_slippage,2000,Odos,8274.34823241965,8.1035,,,,,,,,,6,
2026-04-29 10:56:45,WOO,skipped,high_buy_slippage,2000,Sushi,94577.12327610867,5.2333,,,,,,,,,6,
2026-04-29 10:57:08,WETH,ok,,2000,KyberSwap,0.8601360988921479,-0.0009,Odos,1998.5697,0.0005,-1.4469,-0.0723,Sushi,1997.7737,-0.112,6,5
2026-04-29 10:57:09,WBTC,ok,,2000,KyberSwap,0.02602186,0.0002,Odos,1998.6229,0.0161,-1.3989,-0.0699,Sushi,1998.5507,-0.0728,6,5
2026-04-29 10:57:12,AAVE,ok,,2000,KyberSwap,20.58390828609857,0.0684,Odos,1987.6158,0.0236,-12.461,-0.623,Sushi,1987.0017,-0.6503,6,5
2026-04-29 10:57:22,LINK,ok,,2000,Odos,214.9568128667,0.0913,KyberSwap,1993.9179,0.027,-6.14,-0.307,Sushi,1993.6177,-0.3208,6,5
2026-04-29 10:57:24,CRV,ok,,2000,Odos,8470.508356355549,1.2509,KyberSwap,1914.4076,0.9499,-85.7591,-4.288,0x/Matcha,1911.9777,-4.4074,6,5
2026-04-29 10:57:26,UNI,ok,,2000,Odos,606.4486518649875,0.2537,Sushi,1974.9566,0.1866,-25.1303,-1.2565,KyberSwap,1974.5451,-1.2786,6,5
2026-04-29 10:57:31,SUSHI,skipped,high_buy_slippage,2000,Odos,8275.27859675785,8.1052,,,,,,,,,6,
2026-04-29 10:57:36,WMATIC,ok,,2000,KyberSwap,21560.31428361381,0.0181,Odos,1997.5454,0.0117,-2.5145,-0.1257,Sushi,1997.021,-0.1492,6,5
2026-04-29 10:57:38,BAL,skipped,high_buy_slippage,2000,KyberSwap,12816.312230054029,2.3859,,,,,,,,,5,
2026-04-29 10:57:39,DAI,ok,,2000,KyberSwap,2000.008897201644,0.0031,Odos,1999.9319,0.0004,-0.0914,-0.0046,Sushi,1999.7395,-0.0134,6,5
2026-04-29 10:57:42,GRT,skipped,high_buy_slippage,2000,KyberSwap,73489.31520249818,5.6725,,,,,,,,,5,
2026-04-29 10:57:44,SNX,skipped,high_buy_slippage,2000,KyberSwap,5710.798373137176,6.3468,,,,,,,,,5,
2026-04-29 10:57:52,LDO,ok,,2000,Odos,5093.717916827943,0.3596,KyberSwap,1971.015,0.2163,-29.0517,-1.4526,Sushi,1969.17,-1.5435,6,5
2026-04-29 10:57:54,FRAX,skipped,sell_slippage_filtered_all,2000,Odos,2015.1986044311868,0.2164,,,,,,,,,6,5
2026-04-29 10:57:55,stMATIC,ok,,2000,Odos,18756.8648889742,0.1478,KyberSwap,1975.6345,0.1162,-24.4457,-1.2223,0x/Matcha,1972.7664,-1.364,6,5
2026-04-29 10:57:58,DPI,skipped,high_buy_slippage,2000,KyberSwap,20.142836015026898,38.3334,,,,,,,,,5,
2026-04-29 10:58:02,GHST,skipped,no_buy_quotes,2000,,,,,,,,,,,,0,
2026-04-29 10:58:02,STG,skipped,high_buy_slippage,2000,KyberSwap,2730.2056544926468,50.6573,,,,,,,,,6,
2026-04-29 10:58:04,QUICK,ok,,2000,Odos,169.72859446970648,0.8472,KyberSwap,1943.5256,0.5912,-56.6044,-2.8302,Sushi,1934.4437,-3.2828,6,4
2026-04-29 10:58:04,COMP,skipped,no_buy_quotes,2000,,,,,,,,,,,,0,
2026-04-29 10:58:08,MKR,skipped,high_buy_slippage,2000,Odos,0.9070048379371576,5.2762,,,,,,,,,5,
2026-04-29 10:58:10,SUSHI.e,skipped,high_buy_slippage,2000,Odos,8276.349153546158,8.1047,,,,,,,,,6,
2026-04-29 10:58:11,WOO,skipped,high_buy_slippage,2000,Sushi,94578.14475687778,5.2336,,,,,,,,,6,
2026-04-29 10:58:34,WBTC,ok,,2000,KyberSwap,0.02602149,0.0004,Odos,1998.5928,0.0167,-1.4245,-0.0712,Sushi,1998.5231,-0.0742,6,5
2026-04-29 10:58:34,AAVE,ok,,2000,KyberSwap,20.584027142523134,0.0797,Odos,1987.4202,0.0341,-12.6667,-0.6333,Sushi,1986.9634,-0.6522,6,5
2026-04-29 10:58:34,WETH,ok,,2000,Odos,0.8601446163641625,0.0186,KyberSwap,1999.2954,-0.0523,-0.7301,-0.0365,Sushi,1997.7947,-0.1112,6,5
2026-04-29 10:58:46,LINK,ok,,2000,KyberSwap,214.94828961491595,0.0984,Odos,1993.8265,0.0205,-6.2817,-0.3141,Sushi,1993.5912,-0.3215,6,5
2026-04-29 10:58:48,UNI,ok,,2000,Odos,606.5731078818952,0.2685,Sushi,1975.1888,0.1904,-24.9043,-1.2452,KyberSwap,1975.0705,-1.2523,6,5
2026-04-29 10:58:53,SUSHI,skipped,high_buy_slippage,2000,Odos,8276.151485765764,8.1058,,,,,,,,,6,
2026-04-29 10:58:57,CRV,ok,,2000,Odos,8473.079960554625,1.2606,KyberSwap,1914.6134,0.9619,-85.5494,-4.2775,0x/Matcha,1912.6367,-4.3742,6,5
2026-04-29 10:58:58,WMATIC,ok,,2000,Odos,21570.958823380442,0.0131,KyberSwap,1997.9801,0.0289,-2.0583,-0.1029,Sushi,1997.5333,-0.124,6,5
2026-04-29 10:59:02,BAL,skipped,high_buy_slippage,2000,KyberSwap,12817.106689305976,2.39,,,,,,,,,5,
2026-04-29 10:59:04,GRT,skipped,high_buy_slippage,2000,KyberSwap,73491.61210440904,5.6689,,,,,,,,,5,
2026-04-29 10:59:06,SNX,skipped,high_buy_slippage,2000,KyberSwap,5712.857601632509,6.307,,,,,,,,,5,
2026-04-29 10:59:09,DAI,ok,,2000,KyberSwap,1999.9553332734124,0.0003,Odos,1999.8704,0.0002,-0.1464,-0.0073,Sushi,1999.6897,-0.0157,6,5
2026-04-29 10:59:15,stMATIC,ok,,2000,Odos,18764.196615126624,0.1429,KyberSwap,1976.1776,0.1451,-23.9956,-1.1998,0x/Matcha,1973.4154,-1.3353,6,5
2026-04-29 10:59:20,LDO,ok,,2000,Odos,5094.171742540755,0.3378,KyberSwap,1971.5795,0.2134,-28.4937,-1.4247,Sushi,1969.6528,-1.5199,6,5
2026-04-29 10:59:24,FRAX,skipped,sell_slippage_filtered_all,2000,Odos,2015.1914043223903,0.2164,,,,,,,,,6,5
2026-04-29 10:59:27,QUICK,ok,,2000,Odos,169.70856065437906,0.8473,KyberSwap,1943.5985,0.5955,-56.5321,-2.8266,Sushi,1934.3943,-3.2855,6,4
2026-04-29 10:59:28,GHST,skipped,no_buy_quotes,2000,,,,,,,,,,,,0,
2026-04-29 10:59:30,DPI,skipped,high_buy_slippage,2000,KyberSwap,20.13954493077024,38.2591,,,,,,,,,5,
2026-04-29 10:59:32,COMP,skipped,no_buy_quotes,2000,,,,,,,,,,,,0,
2026-04-29 10:59:33,MKR,skipped,high_buy_slippage,2000,Odos,0.9068062514381737,5.2583,,,,,,,,,5,
2026-04-29 10:59:33,STG,skipped,high_buy_slippage,2000,0x/Matcha,2740.442746914454,51.4475,,,,,,,,,6,
2026-04-29 10:59:38,WOO,skipped,high_buy_slippage,2000,Sushi,94572.92057342977,5.2611,,,,,,,,,6,
2026-04-29 10:59:43,SUSHI.e,skipped,high_buy_slippage,2000,Odos,8272.714108380727,8.109,,,,,,,,,6,
2026-04-29 11:00:07,WETH,ok,,2000,Odos,0.8598692446008329,0.0028,KyberSwap,1998.51,0.0045,-1.5445,-0.0772,Sushi,1997.6731,-0.1187,6,5
2026-04-29 11:00:08,AAVE,ok,,2000,KyberSwap,20.583533290115046,0.0648,Odos,1987.7993,0.0394,-12.3631,-0.6182,Sushi,1987.0987,-0.6457,6,5
2026-04-29 11:00:08,WBTC,ok,,2000,KyberSwap,0.02602137,-0.0002,Sushi,1998.8828,0.0203,-1.1237,-0.0562,Odos,1998.9218,-0.0563,6,5
2026-04-29 11:00:21,UNI,ok,,2000,Odos,606.484224986111,0.2891,Sushi,1973.9795,0.1863,-26.3895,-1.3195,KyberSwap,1973.0995,-1.3658,6,5
2026-04-29 11:00:22,LINK,ok,,2000,Odos,214.92746825573352,0.0973,KyberSwap,1994.4198,0.0045,-5.8471,-0.2924,Sushi,1993.6541,-0.3287,6,5
2026-04-29 11:00:24,CRV,ok,,2000,Odos,8471.875586345464,1.2725,KyberSwap,1914.7325,0.9481,-85.7924,-4.2896,0x/Matcha,1912.4969,-4.3972,6,5
2026-04-29 11:00:26,SUSHI,skipped,high_buy_slippage,2000,Odos,8272.640081252264,8.0951,,,,,,,,,6,
2026-04-29 11:00:31,BAL,skipped,high_buy_slippage,2000,KyberSwap,12815.903228140864,2.3939,,,,,,,,,5,
2026-04-29 11:00:34,WMATIC,ok,,2000,KyberSwap,21571.137026750846,0.0133,Odos,1998.0278,0.0124,-2.2117,-0.1106,Sushi,1997.5358,-0.1244,6,5
2026-04-29 11:00:37,GRT,skipped,high_buy_slippage,2000,KyberSwap,73491.2780775043,5.6657,,,,,,,,,5,
2026-04-29 11:00:38,DAI,ok,,2000,KyberSwap,1999.9544844964012,0.0002,Odos,1999.8808,0.0014,-0.1558,-0.0078,Sushi,1999.6888,-0.016,6,5
2026-04-29 11:00:41,SNX,skipped,high_buy_slippage,2000,KyberSwap,5712.776150256342,6.3121,,,,,,,,,5,
2026-04-29 11:00:50,LDO,ok,,2000,Odos,5093.173160291456,0.326,KyberSwap,1971.1591,0.2129,-29.0046,-1.4502,Sushi,1969.1361,-1.55,6,5
2026-04-29 11:00:53,stMATIC,ok,,2000,Odos,18764.30245165476,0.1391,KyberSwap,1976.1036,0.1975,-24.0428,-1.2021,0x/Matcha,1974.2542,-1.2931,6,5
2026-04-29 11:00:55,FRAX,skipped,sell_slippage_filtered_all,2000,Odos,2015.1914043258225,0.2164,,,,,,,,,6,5
2026-04-29 11:00:56,GHST,skipped,no_buy_quotes,2000,,,,,,,,,,,,0,
2026-04-29 11:00:58,DPI,skipped,high_buy_slippage,2000,KyberSwap,20.176019648252904,38.2248,,,,,,,,,5,
2026-04-29 11:01:01,STG,skipped,high_buy_slippage,2000,KyberSwap,2730.1990051820208,50.6574,,,,,,,,,6,
2026-04-29 11:01:03,COMP,skipped,no_buy_quotes,2000,,,,,,,,,,,,0,
2026-04-29 11:01:05,MKR,skipped,high_buy_slippage,2000,Odos,0.9068135402952547,5.2558,,,,,,,,,5,
2026-04-29 11:01:05,QUICK,ok,,2000,Odos,169.69770002184916,0.851,KyberSwap,1943.4344,0.594,-56.7473,-2.8374,Sushi,1934.4297,-3.2861,6,4
2026-04-29 11:01:07,SUSHI.e,skipped,high_buy_slippage,2000,Odos,8272.660095741772,8.1063,,,,,,,,,6,
2026-04-29 11:01:10,WOO,skipped,high_buy_slippage,2000,Sushi,94562.90773023367,5.2593,,,,,,,,,6,
2026-04-29 11:01:34,WETH,ok,,2000,KyberSwap,0.859893235197538,0.008,Odos,1998.5092,0.0016,-1.5023,-0.0751,Sushi,1997.3698,-0.1319,6,5
2026-04-29 11:01:35,AAVE,ok,,2000,KyberSwap,20.58519801390402,0.0621,Odos,1987.9484,0.0392,-12.1121,-0.6056,Sushi,1987.1576,-0.6425,6,5
2026-04-29 11:01:36,WBTC,ok,,2000,KyberSwap,0.02602683,0.0005,Odos,1998.5325,0.0053,-1.5111,-0.0756,Sushi,1998.1089,-0.0951,6,5
2026-04-29 11:01:48,CRV,ok,,2000,Odos,8472.727099082025,1.2608,KyberSwap,1915.0416,0.9508,-85.1378,-4.2569,0x/Matcha,1912.7066,-4.372,6,5
2026-04-29 11:01:49,UNI,ok,,2000,Odos,606.9143249724368,0.2354,KyberSwap,1974.5277,0.1884,-25.5993,-1.28,Sushi,1974.4892,-1.2807,6,5
2026-04-29 11:01:50,LINK,ok,,2000,Odos,214.9351873678429,0.0968,KyberSwap,1994.3444,0.0128,-5.7478,-0.2874,Sushi,1993.4105,-0.3328,6,5
2026-04-29 11:01:53,SUSHI,skipped,high_buy_slippage,2000,Odos,8272.64768875463,8.1045,,,,,,,,,6,
2026-04-29 11:01:58,BAL,skipped,high_buy_slippage,2000,KyberSwap,12815.805246224012,2.3958,,,,,,,,,5,
2026-04-29 11:02:00,WMATIC,ok,,2000,KyberSwap,21571.94475477744,0.0091,Odos,1998.1575,0.0096,-1.9142,-0.0957,Sushi,1997.7298,-0.114,6,5
2026-04-29 11:02:02,GRT,skipped,high_buy_slippage,2000,KyberSwap,73490.02853197069,5.6674,,,,,,,,,5,
2026-04-29 11:02:03,DAI,ok,,2000,KyberSwap,1999.9508612508084,0.0001,Odos,1999.898,0.0005,-0.1292,-0.0065,Sushi,1999.6852,-0.0159,6,5
2026-04-29 11:02:05,SNX,skipped,high_buy_slippage,2000,KyberSwap,5712.702671801309,6.313,,,,,,,,,5,
2026-04-29 11:02:14,stMATIC,ok,,2000,Odos,18763.19286189829,0.1471,KyberSwap,1976.0773,0.145,-24.0268,-1.2013,0x/Matcha,1973.4554,-1.331,6,5
2026-04-29 11:02:16,FRAX,skipped,sell_slippage_filtered_all,2000,Odos,2015.1904828580396,0.2164,,,,,,,,,6,5
2026-04-29 11:02:16,LDO,ok,,2000,Odos,5092.94880233704,0.3309,KyberSwap,1971.3887,0.2014,-28.7194,-1.436,0x/Matcha,1969.2018,-1.5442,6,5
2026-04-29 11:02:20,DPI,skipped,high_buy_slippage,2000,KyberSwap,20.203136323089552,38.3481,,,,,,,,,5,
2026-04-29 11:02:24,GHST,skipped,no_buy_quotes,2000,,,,,,,,,,,,0,
2026-04-29 11:02:25,STG,skipped,high_buy_slippage,2000,0x/Matcha,2730.5505231226794,49.4014,,,,,,,,,6,
2026-04-29 11:02:27,COMP,skipped,no_buy_quotes,2000,,,,,,,,,,,,0,
2026-04-29 11:02:29,QUICK,ok,,2000,Odos,169.6571506642561,0.8475,KyberSwap,1943.4455,0.5782,-56.7224,-2.8361,Sushi,1933.8238,-3.3158,6,4
2026-04-29 11:02:30,MKR,skipped,high_buy_slippage,2000,Odos,0.9066826832332211,5.2654,,,,,,,,,5,
2026-04-29 11:02:32,SUSHI.e,skipped,high_buy_slippage,2000,Odos,8271.14509016842,8.1141,,,,,,,,,6,
2026-04-29 11:02:33,WOO,skipped,high_buy_slippage,2000,Sushi,94568.10770602363,5.2694,,,,,,,,,6,
2026-04-29 11:02:56,WETH,ok,,2000,KyberSwap,0.8599050746050234,0.0032,Odos,1999.0823,0.0007,-0.9276,-0.0464,Sushi,1997.5419,-0.1232,6,5
2026-04-29 11:02:56,WBTC,ok,,2000,KyberSwap,0.02602693,-0.0003,Odos,1998.953,0.0078,-1.0712,-0.0536,Sushi,1998.1539,-0.0926,6,5
2026-04-29 11:02:59,AAVE,ok,,2000,KyberSwap,20.585154619404353,0.0712,Odos,1988.1908,0.0425,-11.8872,-0.5944,Sushi,1987.2191,-0.64,6,5
2026-04-29 11:03:12,UNI,ok,,2000,Odos,606.8077248431065,0.2387,Sushi,1974.2575,0.1819,-25.8335,-1.2917,KyberSwap,1973.8968,-1.3107,6,5
2026-04-29 11:03:13,LINK,ok,,2000,Odos,214.92121706269995,0.0987,KyberSwap,1993.9573,0.0187,-6.1303,-0.3065,Sushi,1993.3636,-0.3348,6,5
2026-04-29 11:03:14,CRV,ok,,2000,Odos,8470.420504316166,1.2603,KyberSwap,1914.6743,0.9413,-85.442,-4.2721,0x/Matcha,1912.2074,-4.3945,6,5
2026-04-29 11:03:16,SUSHI,skipped,high_buy_slippage,2000,Odos,8271.850125538735,8.1051,,,,,,,,,6,
2026-04-29 11:03:21,BAL,skipped,high_buy_slippage,2000,KyberSwap,12815.030755500746,2.3909,,,,,,,,,5,
2026-04-29 11:03:23,WMATIC,ok,,2000,KyberSwap,21564.469367104048,0.0088,Odos,1997.8095,0.0024,-2.2237,-0.1112,Sushi,1997.0221,-0.1499,6,5
2026-04-29 11:03:25,GRT,skipped,high_buy_slippage,2000,KyberSwap,73483.88214993828,5.6708,,,,,,,,,5,
2026-04-29 11:03:26,DAI,ok,,2000,Odos,1999.9648985317856,0.0014,KyberSwap,1999.947,0.0002,-0.0726,-0.0036,Sushi,1999.6992,-0.0157,6,5
2026-04-29 11:03:28,SNX,skipped,high_buy_slippage,2000,KyberSwap,5710.83942884781,6.3262,,,,,,,,,5,
2026-04-29 11:03:38,stMATIC,ok,,2000,Odos,18760.078651755004,0.1342,KyberSwap,1976.0786,0.1157,-24.0079,-1.2004,0x/Matcha,1973.1259,-1.3474,6,5
2026-04-29 11:03:40,LDO,ok,,2000,Odos,5092.643340007833,0.3322,KyberSwap,1971.0664,0.2079,-29.0185,-1.4509,Sushi,1968.9972,-1.5536,6,5
2026-04-29 11:03:42,GHST,skipped,no_buy_quotes,2000,,,,,,,,,,,,0,
2026-04-29 11:03:46,DPI,skipped,high_buy_slippage,2000,KyberSwap,20.14070204323699,38.2528,,,,,,,,,5,
2026-04-29 11:03:46,FRAX,skipped,sell_slippage_filtered_all,2000,Odos,2015.1423668799778,0.2142,,,,,,,,,6,5
2026-04-29 11:03:51,QUICK,ok,,2000,Odos,169.66626327017306,0.843,KyberSwap,1942.6084,0.6154,-57.5258,-2.8763,Sushi,1933.9656,-3.3074,6,4
2026-04-29 11:03:51,STG,skipped,high_buy_slippage,2000,KyberSwap,2730.1994514213497,50.6573,,,,,,,,,6,
2026-04-29 11:03:52,COMP,skipped,no_buy_quotes,2000,,,,,,,,,,,,0,
2026-04-29 11:03:53,MKR,skipped,high_buy_slippage,2000,Odos,0.9068128856226316,5.2516,,,,,,,,,5,
2026-04-29 11:03:57,WOO,skipped,high_buy_slippage,2000,KyberSwap,94579.6255206769,5.3145,,,,,,,,,6,
2026-04-29 11:04:00,SUSHI.e,skipped,high_buy_slippage,2000,Odos,8271.858964599725,8.1043,,,,,,,,,6,
2026-04-29 11:04:22,WETH,ok,,2000,Odos,0.8598807260865822,0.0066,KyberSwap,1997.9952,0.0184,-2.0265,-0.1013,Sushi,1997.5221,-0.1248,6,5
2026-04-29 11:04:22,WBTC,ok,,2000,KyberSwap,0.02602696,0.0011,Odos,1998.7384,0.0141,-1.2984,-0.0649,Sushi,1998.6881,-0.0658,6,5
2026-04-29 11:04:24,AAVE,ok,,2000,KyberSwap,20.586180034304736,0.0728,Odos,1987.7355,0.0331,-12.336,-0.6168,Sushi,1987.3226,-0.6342,6,5
2026-04-29 11:04:34,UNI,ok,,2000,Odos,606.8094538347098,0.2364,Sushi,1974.3024,0.1803,-25.8045,-1.2902,KyberSwap,1974.2662,-1.2932,6,5
2026-04-29 11:04:37,LINK,ok,,2000,Odos,214.92166913128668,0.0976,KyberSwap,1993.7152,0.0189,-6.3595,-0.318,Sushi,1993.3693,-0.3337,6,5
2026-04-29 11:04:38,CRV,ok,,2000,Odos,8470.507781898456,1.2568,KyberSwap,1915.0711,0.9429,-85.0768,-4.2538,0x/Matcha,1912.1175,-4.4002,6,5
2026-04-29 11:04:41,SUSHI,skipped,high_buy_slippage,2000,Odos,8271.866664910374,8.1252,,,,,,,,,6,
2026-04-29 11:04:45,BAL,skipped,high_buy_slippage,2000,KyberSwap,12814.68531563467,2.3176,,,,,,,,,5,
2026-04-29 11:04:50,GRT,skipped,high_buy_slippage,2000,KyberSwap,73482.85298499952,5.5299,,,,,,,,,5,
2026-04-29 11:04:50,WMATIC,ok,,2000,KyberSwap,21563.97449252904,0.0044,Odos,1998.015,0.0147,-2.0271,-0.1014,Sushi,1997.0576,-0.1478,6,5
2026-04-29 11:04:51,DAI,ok,,2000,KyberSwap,1999.9390647572816,0.0002,Odos,1999.9145,0.0006,-0.1082,-0.0054,Sushi,1999.6734,-0.0165,6,5
2026-04-29 11:04:56,SNX,skipped,high_buy_slippage,2000,KyberSwap,5711.411333936409,6.0614,,,,,,,,,5,
2026-04-29 11:05:05,stMATIC,ok,,2000,Odos,18759.254588651223,0.1415,KyberSwap,1976.3761,0.129,-23.7446,-1.1872,0x/Matcha,1973.3955,-1.3354,6,5
2026-04-29 11:05:05,LDO,ok,,2000,Odos,5093.829937291476,0.3349,KyberSwap,1971.6344,0.2117,-28.4402,-1.422,Sushi,1969.4033,-1.5328,6,5
2026-04-29 11:05:07,GHST,skipped,no_buy_quotes,2000,,,,,,,,,,,,0,
2026-04-29 11:05:09,FRAX,skipped,sell_slippage_filtered_all,2000,Odos,2015.1297581486026,0.2137,,,,,,,,,6,5
2026-04-29 11:05:10,DPI,skipped,high_buy_slippage,2000,KyberSwap,20.175870898791906,37.8695,,,,,,,,,5,
2026-04-29 11:05:14,STG,skipped,high_buy_slippage,2000,KyberSwap,2730.1930751574478,49.9176,,,,,,,,,6,
2026-04-29 11:05:16,COMP,skipped,no_buy_quotes,2000,,,,,,,,,,,,0,
2026-04-29 11:05:16,QUICK,ok,,2000,Odos,169.66574203145797,0.8386,KyberSwap,1942.6155,0.6028,-57.5462,-2.8773,Sushi,1933.9409,-3.31,6,4
2026-04-29 11:05:18,MKR,skipped,high_buy_slippage,2000,Odos,0.9068194779738773,5.2759,,,,,,,,,5,
2026-04-29 11:05:20,WOO,skipped,high_buy_slippage,2000,KyberSwap,94591.60435607017,5.3189,,,,,,,,,6,
2026-04-29 11:05:21,SUSHI.e,skipped,high_buy_slippage,2000,Odos,8272.133056343093,8.1304,,,,,,,,,6,
2026-04-29 11:05:42,WBTC,ok,,2000,KyberSwap,0.02603506,-0.0004,Odos,1999.1741,0.012,-0.8767,-0.0438,Sushi,1999.078,-0.0464,5,5
2026-04-29 11:05:42,WETH,ok,,2000,KyberSwap,0.8605128574269473,-0.0173,Odos,1999.3601,0.0026,-0.6652,-0.0333,Sushi,1998.7859,-0.061,6,5
2026-04-29 11:05:42,AAVE,ok,,2000,KyberSwap,20.589937331419645,0.0958,Odos,1987.9464,0.0295,-12.1288,-0.6064,Sushi,1987.5775,-0.6216,6,5
2026-04-29 11:05:56,UNI,ok,,2000,Odos,606.9662894198582,0.2481,Sushi,1974.703,0.1815,-25.3943,-1.2697,KyberSwap,1974.238,-1.2941,6,5
2026-04-29 11:05:57,CRV,ok,,2000,Odos,8470.998803220336,1.2592,KyberSwap,1914.5688,0.9482,-85.5578,-4.2779,0x/Matcha,1911.9677,-4.4065,6,5
2026-04-29 11:05:58,LINK,ok,,2000,Odos,215.04064317103752,0.0942,KyberSwap,1994.5704,0.0222,-5.4992,-0.275,Sushi,1994.313,-0.2867,6,5
2026-04-29 11:06:01,SUSHI,skipped,high_buy_slippage,2000,Odos,8274.562562334891,8.105,,,,,,,,,6,
2026-04-29 11:06:06,BAL,skipped,high_buy_slippage,2000,KyberSwap,12814.663756032705,2.3085,,,,,,,,,5,
2026-04-29 11:06:08,WMATIC,ok,,2000,Odos,21562.141970852084,0.012,KyberSwap,1997.2722,0.0098,-2.7825,-0.1391,Sushi,1996.9647,-0.1532,6,5
2026-04-29 11:06:12,GRT,skipped,high_buy_slippage,2000,KyberSwap,73479.14483933621,5.5364,,,,,,,,,5,
2026-04-29 11:06:14,SNX,skipped,high_buy_slippage,2000,KyberSwap,5710.626426537617,6.0756,,,,,,,,,5,
2026-04-29 11:06:14,DAI,ok,,2000,KyberSwap,1999.9383383846061,0.0001,Odos,1999.8992,-0.0017,-0.1195,-0.006,Sushi,1999.673,-0.0165,6,5
2026-04-29 11:06:28,LDO,ok,,2000,Odos,5094.856170492151,0.3297,KyberSwap,1971.5002,0.2164,-28.6066,-1.4303,Sushi,1969.7198,-1.5178,6,5
2026-04-29 11:06:30,stMATIC,ok,,2000,Odos,18758.65277323772,0.146,KyberSwap,1975.6548,0.1196,-24.4649,-1.2232,0x/Matcha,1972.7065,-1.3685,6,5
2026-04-29 11:06:32,GHST,skipped,no_buy_quotes,2000,,,,,,,,,,,,0,
2026-04-29 11:06:34,FRAX,skipped,sell_slippage_filtered_all,2000,Odos,2015.1388550161098,0.2146,,,,,,,,,6,5
2026-04-29 11:06:37,DPI,skipped,high_buy_slippage,2000,KyberSwap,20.206501090429036,37.8104,,,,,,,,,5,
2026-04-29 11:06:40,QUICK,ok,,2000,Odos,169.70683675397646,0.8335,KyberSwap,1942.9755,0.6052,-57.1636,-2.8582,Sushi,1934.3407,-3.2886,6,4
2026-04-29 11:06:40,STG,skipped,high_buy_slippage,2000,KyberSwap,2730.197245899536,49.9175,,,,,,,,,6,
2026-04-29 11:06:42,COMP,skipped,no_buy_quotes,2000,,,,,,,,,,,,0,
2026-04-29 11:06:43,MKR,skipped,high_buy_slippage,2000,Odos,0.9069370979801733,5.2684,,,,,,,,,5,
2026-04-29 11:06:46,SUSHI.e,skipped,high_buy_slippage,2000,Odos,8272.148010744604,8.1122,,,,,,,,,6,
2026-04-29 11:06:46,WOO,skipped,high_buy_slippage,2000,Sushi,94571.5559626145,5.2658,,,,,,,,,6,
2026-04-29 11:07:08,AAVE,ok,,2000,KyberSwap,20.592110817518176,0.1056,Odos,1988.0499,0.0283,-12.0244,-0.6012,Sushi,1987.7484,-0.6132,6,5
2026-04-29 11:07:09,WETH,ok,,2000,KyberSwap,0.8601383325310178,0.0053,Odos,1998.5083,0.0026,-1.5235,-0.0762,Sushi,1997.8636,-0.1074,6,5
2026-04-29 11:07:11,WBTC,ok,,2000,KyberSwap,0.02604357,-0.0305,Odos,1999.5379,0.0083,-0.5154,-0.0258,Sushi,1999.3565,-0.0326,6,5
2026-04-29 11:07:22,UNI,ok,,2000,Odos,606.8619745593278,0.2456,KyberSwap,1974.8937,0.1512,-25.2621,-1.2631,Sushi,1974.6025,-1.2763,6,5
2026-04-29 11:07:24,LINK,ok,,2000,KyberSwap,214.98752978584454,0.1047,Odos,1994.1257,0.0191,-5.947,-0.2973,Sushi,1993.8216,-0.3099,6,5
2026-04-29 11:07:26,CRV,ok,,2000,Odos,8469.097578716286,1.2606,KyberSwap,1915.1464,0.9409,-85.0299,-4.2515,0x/Matcha,1911.8978,-4.412,6,5
2026-04-29 11:07:30,SUSHI,skipped,high_buy_slippage,2000,Odos,8272.118939368876,8.1338,,,,,,,,,6,
2026-04-29 11:07:34,BAL,skipped,high_buy_slippage,2000,KyberSwap,12816.83298612368,2.3127,,,,,,,,,5,
2026-04-29 11:07:34,WMATIC,ok,,2000,KyberSwap,21557.31752814128,0.0235,Odos,1997.314,-0.0096,-2.7261,-0.1363,Sushi,1997.1282,-0.1447,6,5
2026-04-29 11:07:38,GRT,skipped,high_buy_slippage,2000,KyberSwap,73637.4983346198,5.5746,,,,,,,,,5,
2026-04-29 11:07:38,DAI,ok,,2000,KyberSwap,1999.9825537852741,0.0011,Odos,1999.9061,0.0001,-0.1134,-0.0057,Sushi,1999.7177,-0.0144,6,5
2026-04-29 11:07:40,SNX,skipped,high_buy_slippage,2000,KyberSwap,5710.931378308626,6.3209,,,,,,,,,5,
2026-04-29 11:07:50,FRAX,skipped,sell_slippage_filtered_all,2000,Odos,2015.1284016338648,0.2143,,,,,,,,,6,5
2026-04-29 11:07:55,LDO,ok,,2000,Odos,5095.112185592636,0.3381,KyberSwap,1971.3116,0.2189,-28.7663,-1.4383,Sushi,1969.5177,-1.5267,6,5
2026-04-29 11:07:56,GHST,skipped,no_buy_quotes,2000,,,,,,,,,,,,0,
2026-04-29 11:07:57,stMATIC,ok,,2000,Odos,18757.64483098947,0.1519,KyberSwap,1976.1098,0.0936,-23.9943,-1.1997,0x/Matcha,1972.6566,-1.3712,6,5
2026-04-29 11:08:03,STG,skipped,high_buy_slippage,2000,KyberSwap,2730.1987296900024,49.9174,,,,,,,,,6,
2026-04-29 11:08:03,DPI,skipped,high_buy_slippage,2000,KyberSwap,20.18170571340629,37.8659,,,,,,,,,5,
2026-04-29 11:08:05,COMP,skipped,no_buy_quotes,2000,,,,,,,,,,,,0,
2026-04-29 11:08:08,QUICK,ok,,2000,Odos,169.7387665874717,0.8379,KyberSwap,1943.3543,0.605,-56.7877,-2.8394,Sushi,1934.4951,-3.2809,6,4
2026-04-29 11:08:09,SUSHI.e,skipped,high_buy_slippage,2000,Odos,8274.882889229793,8.1394,,,,,,,,,6,
2026-04-29 11:08:09,MKR,skipped,high_buy_slippage,2000,Odos,0.9072018658925841,5.2876,,,,,,,,,5,
2026-04-29 11:08:11,WOO,skipped,high_buy_slippage,2000,KyberSwap,95226.04699514642,5.3277,,,,,,,,,6,
2026-04-29 11:08:33,WBTC,ok,,2000,KyberSwap,0.02604531,0.001,Odos,1999.622,0.0003,-0.418,-0.0209,Sushi,1999.359,-0.0324,6,5
2026-04-29 11:08:37,WETH,ok,,2000,KyberSwap,0.8609474860544853,0.0014,Odos,1999.5824,0.0024,-0.4858,-0.0243,Sushi,1999.054,-0.0476,6,5
2026-04-29 11:08:37,AAVE,ok,,2000,KyberSwap,20.607985681143756,0.1709,Odos,1988.2265,0.0233,-11.8682,-0.5934,Sushi,1987.9993,-0.6005,6,5
2026-04-29 11:08:47,UNI,ok,,2000,Odos,607.261646947386,0.2584,Sushi,1974.7152,0.1839,-25.3877,-1.2694,KyberSwap,1974.2562,-1.2939,6,5
2026-04-29 11:08:50,LINK,ok,,2000,Odos,215.14087042488686,0.089,KyberSwap,1995.0337,0.0326,-5.0314,-0.2516,Sushi,1994.9198,-0.2557,6,5
2026-04-29 11:08:50,CRV,ok,,2000,Odos,8476.231789251216,1.2587,KyberSwap,1914.7264,0.9496,-85.3957,-4.2698,0x/Matcha,1912.1475,-4.3967,6,5
2026-04-29 11:08:54,SUSHI,skipped,high_buy_slippage,2000,Odos,8278.24301746275,8.1018,,,,,,,,,6,
2026-04-29 11:08:59,BAL,skipped,high_buy_slippage,2000,KyberSwap,12822.04717017332,2.393,,,,,,,,,5,
2026-04-29 11:09:01,WMATIC,ok,,2000,Odos,21575.437173026996,-0.0062,KyberSwap,1997.6736,0.011,-2.3632,-0.1182,Sushi,1997.4306,-0.1292,6,5
2026-04-29 11:09:03,GRT,skipped,high_buy_slippage,2000,KyberSwap,73677.69654327456,5.6351,,,,,,,,,5,
2026-04-29 11:09:04,DAI,ok,,2000,KyberSwap,1999.9795610431984,0.0006,Odos,1999.905,0.0005,-0.1119,-0.0056,Sushi,1999.7388,-0.0134,6,5
2026-04-29 11:09:08,SNX,skipped,high_buy_slippage,2000,KyberSwap,5715.233229666223,6.2947,,,,,,,,,5,
2026-04-29 11:09:15,stMATIC,ok,,2000,Odos,18768.63138975652,0.1391,KyberSwap,1975.8666,0.1416,-24.2015,-1.2101,0x/Matcha,1972.9461,-1.3551,6,5
2026-04-29 11:09:18,LDO,ok,,2000,Odos,5097.321361399749,0.33,KyberSwap,1971.5982,0.2188,-28.4777,-1.4239,Sushi,1969.7131,-1.5169,6,5
2026-04-29 11:09:20,FRAX,skipped,sell_slippage_filtered_all,2000,Odos,2015.202901052016,0.2177,,,,,,,,,6,5
2026-04-29 11:09:23,DPI,skipped,high_buy_slippage,2000,KyberSwap,20.181823344084798,38.1602,,,,,,,,,5,
2026-04-29 11:09:26,GHST,skipped,no_buy_quotes,2000,,,,,,,,,,,,0,
2026-04-29 11:09:27,QUICK,ok,,2000,Odos,169.80498400729653,0.8369,KyberSwap,1943.1805,0.6149,-56.9461,-2.8473,Sushi,1934.8126,-3.2643,6,4
2026-04-29 11:09:28,COMP,skipped,no_buy_quotes,2000,,,,,,,,,,,,0,
2026-04-29 11:09:29,STG,skipped,high_buy_slippage,2000,KyberSwap,2730.201622243844,50.6574,,,,,,,,,6,
2026-04-29 11:09:31,MKR,skipped,high_buy_slippage,2000,Odos,0.9075048563392685,5.2562,,,,,,,,,5,
2026-04-29 11:09:35,WOO,skipped,high_buy_slippage,2000,KyberSwap,95238.71755951054,5.3289,,,,,,,,,6,
2026-04-29 11:09:36,SUSHI.e,skipped,high_buy_slippage,2000,Odos,8277.768664182338,8.1038,,,,,,,,,6,
2026-04-29 11:09:57,AAVE,ok,,2000,KyberSwap,20.6097134645213,0.1454,Odos,1987.9353,0.0251,-12.1526,-0.6076,Sushi,1987.6254,-0.6191,6,5
2026-04-29 11:10:01,WBTC,ok,,2000,KyberSwap,0.02604485,0.0001,Odos,1999.2753,0.0096,-0.7671,-0.0384,Sushi,1998.9835,-0.0511,6,5
2026-04-29 11:10:01,WETH,ok,,2000,KyberSwap,0.8605274875063855,0.0021,Odos,1998.6944,0.005,-1.3814,-0.0691,Sushi,1997.7856,-0.1115,6,5
2026-04-29 11:10:12,UNI,ok,,2000,Odos,607.3618090856704,0.2449,Sushi,1975.0758,0.1833,-25.0295,-1.2515,KyberSwap,1974.9157,-1.2608,6,5
2026-04-29 11:10:12,CRV,ok,,2000,Odos,8478.399060117516,1.2797,KyberSwap,1915.0008,0.9458,-85.2359,-4.2618,0x/Matcha,1912.7566,-4.3722,6,5
2026-04-29 11:10:12,LINK,ok,,2000,KyberSwap,215.18142887947712,0.0945,Odos,1994.658,0.0158,-5.4686,-0.2734,Sushi,1993.9486,-0.3039,6,5
2026-04-29 11:10:18,SUSHI,skipped,high_buy_slippage,2000,Odos,8276.329086364754,8.1228,,,,,,,,,6,
2026-04-29 11:10:23,BAL,skipped,high_buy_slippage,2000,KyberSwap,12820.774834944088,2.408,,,,,,,,,5,
2026-04-29 11:10:24,WMATIC,ok,,2000,KyberSwap,21582.06464735352,0.0353,Odos,1998.2995,0.0099,-1.7557,-0.0878,Sushi,1997.9823,-0.1014,6,5
2026-04-29 11:10:28,DAI,ok,,2000,KyberSwap,1999.9388831884964,0.0002,Odos,1999.8755,0.0002,-0.1384,-0.0069,Sushi,1999.6741,-0.0165,6,5
2026-04-29 11:10:29,GRT,skipped,high_buy_slippage,2000,KyberSwap,73668.35854211061,5.6342,,,,,,,,,5,
2026-04-29 11:10:29,SNX,skipped,high_buy_slippage,2000,KyberSwap,5715.450636674947,6.3247,,,,,,,,,5,
2026-04-29 11:10:39,LDO,ok,,2000,Odos,5096.308321887872,0.3321,KyberSwap,1972.2536,0.2118,-27.8262,-1.3913,0x/Matcha,1969.4913,-1.5283,6,5
2026-04-29 11:10:41,FRAX,skipped,sell_slippage_filtered_all,2000,Odos,2015.3028797596517,0.2226,,,,,,,,,6,5
2026-04-29 11:10:42,GHST,skipped,no_buy_quotes,2000,,,,,,,,,,,,0,
2026-04-29 11:10:44,stMATIC,ok,,2000,Odos,18772.963332912797,0.1699,KyberSwap,1976.4778,0.1427,-23.5902,-1.1795,0x/Matcha,1973.5852,-1.3231,6,5
2026-04-29 11:10:47,DPI,skipped,high_buy_slippage,2000,KyberSwap,20.141313206322213,38.2642,,,,,,,,,5,
2026-04-29 11:10:51,STG,skipped,high_buy_slippage,2000,0x/Matcha,2735.073708876432,49.3175,,,,,,,,,6,
2026-04-29 11:10:51,QUICK,ok,,2000,Odos,169.7632968853393,0.8612,KyberSwap,1943.9413,0.6017,-56.2016,-2.8101,Sushi,1934.5039,-3.2805,6,4
2026-04-29 11:10:52,COMP,skipped,no_buy_quotes,2000,,,,,,,,,,,,0,
2026-04-29 11:10:53,MKR,skipped,high_buy_slippage,2000,Odos,0.9068614742248564,5.2748,,,,,,,,,5,
2026-04-29 11:10:57,SUSHI.e,skipped,high_buy_slippage,2000,Odos,8275.664677658477,8.1138,,,,,,,,,6,
2026-04-29 11:10:57,WOO,skipped,high_buy_slippage,2000,Sushi,95184.75055015343,5.2591,,,,,,,,,6,
2026-04-29 11:11:19,WBTC,ok,,2000,KyberSwap,0.02604647,-0.0069,Odos,1999.4219,0.009,-0.6352,-0.0318,Sushi,1999.1061,-0.0451,6,5
2026-04-29 11:11:24,AAVE,ok,,2000,KyberSwap,20.611024217805603,0.1568,Odos,1988.0922,0.0248,-11.9909,-0.5995,Sushi,1987.6533,-0.6178,6,5
2026-04-29 11:11:26,WETH,ok,,2000,Odos,0.8601410375198989,0.008,KyberSwap,1998.6923,0.0152,-1.3685,-0.0684,Sushi,1997.3769,-0.1338,6,5
2026-04-29 11:11:30,UNI,ok,,2000,Odos,607.2642575870879,0.2424,Sushi,1974.9761,0.1827,-25.1178,-1.2559,KyberSwap,1974.944,-1.2588,6,5
2026-04-29 11:11:35,SUSHI,skipped,high_buy_slippage,2000,Odos,8274.919124084709,8.1329,,,,,,,,,6,
2026-04-29 11:11:37,LINK,ok,,2000,Odos,215.1015884903159,0.0991,KyberSwap,1994.7924,0.0083,-5.2679,-0.2634,Sushi,1993.4563,-0.3294,6,5
2026-04-29 11:11:40,CRV,ok,,2000,Odos,8478.308362071784,1.2828,KyberSwap,1914.6435,0.9421,-85.563,-4.2782,0x/Matcha,1912.3072,-4.3935,6,5
2026-04-29 11:11:45,BAL,skipped,high_buy_slippage,2000,KyberSwap,12822.150673085513,2.405,,,,,,,,,5,
2026-04-29 11:11:46,WMATIC,ok,,2000,KyberSwap,21594.661981509696,0.0201,Odos,1999.1801,-0.0392,-0.8765,-0.0438,Sushi,1998.9469,-0.0529,6,5
2026-04-29 11:11:49,GRT,skipped,high_buy_slippage,2000,KyberSwap,73676.97555130834,5.6707,,,,,,,,,5,
2026-04-29 11:11:50,SNX,skipped,high_buy_slippage,2000,KyberSwap,5716.7178137432675,6.3381,,,,,,,,,5,
2026-04-29 11:11:54,DAI,ok,,2000,KyberSwap,1999.9395088536792,0.0016,Odos,1999.8577,0.0002,-0.1622,-0.0081,Sushi,1999.6808,-0.0161,6,5
2026-04-29 11:12:01,stMATIC,ok,,2000,Odos,18783.829166091462,0.1323,KyberSwap,1975.8821,0.1303,-24.2588,-1.2129,0x/Matcha,1972.7664,-1.3669,6,5
2026-04-29 11:12:04,LDO,ok,,2000,Odos,5095.668305279003,0.3346,KyberSwap,1970.3869,0.2187,-29.6965,-1.4848,Sushi,1969.1665,-1.5446,6,5
2026-04-29 11:12:06,GHST,skipped,no_buy_quotes,2000,,,,,,,,,,,,0,
2026-04-29 11:12:10,DPI,skipped,high_buy_slippage,2000,KyberSwap,20.143194904541463,38.2573,,,,,,,,,5,
2026-04-29 11:12:11,FRAX,skipped,sell_slippage_filtered_all,2000,Odos,2015.378369599071,0.2274,,,,,,,,,6,5
2026-04-29 11:12:14,STG,skipped,high_buy_slippage,2000,KyberSwap,2730.2010873878685,50.6573,,,,,,,,,6,
2026-04-29 11:12:16,QUICK,ok,,2000,Odos,169.78345418189224,0.873,KyberSwap,1943.0404,0.6079,-57.1583,-2.8579,Sushi,1934.3649,-3.2904,6,4
2026-04-29 11:12:16,COMP,skipped,no_buy_quotes,2000,,,,,,,,,,,,0,
2026-04-29 11:12:17,MKR,skipped,high_buy_slippage,2000,Odos,0.9071004034796198,5.2506,,,,,,,,,5,
2026-04-29 11:12:20,SUSHI.e,skipped,high_buy_slippage,2000,Odos,8276.726556983403,8.114,,,,,,,,,6,
2026-04-29 11:12:21,WOO,skipped,high_buy_slippage,2000,Sushi,95185.71332491543,5.2598,,,,,,,,,6,
2026-04-29 11:12:44,AAVE,ok,,2000,KyberSwap,20.61417705541562,0.1281,Odos,1987.7965,0.0256,-12.2885,-0.6144,Sushi,1987.4087,-0.6302,6,5
2026-04-29 11:12:44,WBTC,ok,,2000,KyberSwap,0.02604487,0.0005,Odos,1999.2754,0.0096,-0.771,-0.0385,Sushi,1998.9766,-0.0515,6,5
2026-04-29 11:12:44,WETH,ok,,2000,KyberSwap,0.8603727259470461,0.0014,Odos,1998.8742,0.0006,-1.1481,-0.0574,Sushi,1997.9287,-0.1038,6,5
2026-04-29 11:12:55,UNI,ok,,2000,Odos,607.4479868228891,0.2492,Sushi,1974.6586,0.1828,-25.4566,-1.2728,KyberSwap,1974.4254,-1.2858,6,5
2026-04-29 11:12:57,LINK,ok,,2000,Odos,215.12932939118096,0.0937,KyberSwap,1995.5891,0.0241,-4.4881,-0.2244,Sushi,1993.6833,-0.3188,6,5
2026-04-29 11:12:57,CRV,ok,,2000,Odos,8482.806547227638,1.2544,KyberSwap,1914.7225,0.947,-85.4023,-4.2701,0x/Matcha,1912.2873,-4.3904,6,5
2026-04-29 11:13:01,SUSHI,skipped,high_buy_slippage,2000,Odos,8276.69299255258,8.1144,,,,,,,,,6,
2026-04-29 11:13:06,BAL,skipped,high_buy_slippage,2000,KyberSwap,12822.375174223353,2.3969,,,,,,,,,5,
2026-04-29 11:13:09,DAI,ok,,2000,KyberSwap,1999.94303907236,0.0015,Odos,1999.8602,0.0002,-0.1599,-0.008,Sushi,1999.6844,-0.0161,6,5
2026-04-29 11:13:09,WMATIC,ok,,2000,KyberSwap,21599.1720456378,0.0013,Odos,1997.9636,0.0162,-2.1852,-0.1093,Sushi,1997.4629,-0.1275,6,5
2026-04-29 11:13:13,GRT,skipped,high_buy_slippage,2000,KyberSwap,73695.83894797675,5.6575,,,,,,,,,5,
2026-04-29 11:13:15,SNX,skipped,high_buy_slippage,2000,KyberSwap,5719.102725050962,6.3062,,,,,,,,,5,
2026-04-29 11:13:21,stMATIC,ok,,2000,Odos,18788.08307380475,0.1265,KyberSwap,1976.1233,0.1503,-23.9398,-1.197,0x/Matcha,1973.2956,-1.3373,6,5
2026-04-29 11:13:27,FRAX,skipped,sell_slippage_filtered_all,2000,Odos,2015.3769492124418,0.2273,,,,,,,,,6,5
2026-04-29 11:13:27,LDO,ok,,2000,Odos,5095.753672804489,0.3318,KyberSwap,1971.3129,0.2162,-28.7657,-1.4383,0x/Matcha,1969.1518,-1.5452,6,5
2026-04-29 11:13:31,DPI,skipped,high_buy_slippage,2000,KyberSwap,20.141686099925398,38.2538,,,,,,,,,5,
2026-04-29 11:13:33,QUICK,ok,,2000,Odos,169.78586882733862,0.8718,KyberSwap,1944.0037,0.5985,-56.1392,-2.807,Sushi,1934.3877,-3.2865,6,4
2026-04-29 11:13:35,GHST,skipped,no_buy_quotes,2000,,,,,,,,,,,,0,
2026-04-29 11:13:37,COMP,skipped,no_buy_quotes,2000,,,,,,,,,,,,0,
2026-04-29 11:13:38,MKR,skipped,high_buy_slippage,2000,Odos,0.9068374613089106,5.2569,,,,,,,,,5,
2026-04-29 11:13:40,STG,skipped,high_buy_slippage,2000,0x/Matcha,2740.4487863752133,51.4453,,,,,,,,,6,
2026-04-29 11:13:41,WOO,skipped,high_buy_slippage,2000,Sushi,95166.88978180695,5.2572,,,,,,,,,6,
2026-04-29 11:13:43,SUSHI.e,skipped,high_buy_slippage,2000,Odos,8273.689811422499,8.1197,,,,,,,,,6,
2026-04-29 11:14:05,AAVE,ok,,2000,KyberSwap,20.609608046410145,0.0905,Odos,1987.8181,0.0657,-12.2713,-0.6136,Sushi,1987.236,-0.6387,6,5
2026-04-29 11:14:06,WETH,ok,,2000,KyberSwap,0.8599963134379088,0.0007,Odos,1998.9174,0.0544,-1.0898,-0.0545,Sushi,1997.9344,-0.1034,6,5
2026-04-29 11:14:06,WBTC,ok,,2000,KyberSwap,0.02603467,0.002,Odos,1999.123,0.0209,-0.9054,-0.0453,Sushi,1998.2866,-0.0862,6,5
2026-04-29 11:14:18,UNI,ok,,2000,Odos,607.1587954782573,0.2635,KyberSwap,1975.5282,0.1889,-24.6386,-1.2319,Sushi,1974.788,-1.2677,6,5
2026-04-29 11:14:19,CRV,ok,,2000,Odos,8479.319140973925,1.2812,KyberSwap,1914.9166,0.9654,-85.2589,-4.2629,0x/Matcha,1913.0461,-4.3549,6,5
2026-04-29 11:14:20,LINK,ok,,2000,Odos,214.95628238004605,0.0838,KyberSwap,1996.5405,-0.005,-3.5646,-0.1782,Sushi,1993.6141,-0.3237,6,5
2026-04-29 11:14:23,SUSHI,skipped,high_buy_slippage,2000,Odos,8270.56234921195,8.1206,,,,,,,,,6,
2026-04-29 11:14:27,BAL,skipped,high_buy_slippage,2000,KyberSwap,12817.041929441113,2.3918,,,,,,,,,5,
2026-04-29 11:14:31,GRT,skipped,high_buy_slippage,2000,KyberSwap,73652.69889743475,5.6734,,,,,,,,,5,
2026-04-29 11:14:31,WMATIC,ok,,2000,KyberSwap,21592.830449512436,0.0169,Odos,1997.8665,0.0237,-2.2162,-0.1108,Sushi,1996.9959,-0.1506,6,5
2026-04-29 11:14:35,DAI,ok,,2000,KyberSwap,1999.9428405553263,0.0012,Odos,1999.8608,0.0024,-0.1588,-0.0079,Sushi,1999.6841,-0.0161,6,5
2026-04-29 11:14:36,SNX,skipped,high_buy_slippage,2000,KyberSwap,5716.748241884031,6.3251,,,,,,,,,5,
2026-04-29 11:14:45,stMATIC,ok,,2000,Odos,18782.515888600443,0.1309,KyberSwap,1976.2118,0.1518,-23.9473,-1.1974,0x/Matcha,1973.3855,-1.3365,6,5
2026-04-29 11:14:48,FRAX,skipped,sell_slippage_filtered_all,2000,Odos,2015.353398715431,0.227,,,,,,,,,6,5
2026-04-29 11:14:49,LDO,ok,,2000,Odos,5091.064754080301,0.3385,KyberSwap,1971.8248,0.1753,-28.289,-1.4145,Sushi,1969.0562,-1.5516,6,5
2026-04-29 11:14:50,GHST,skipped,no_buy_quotes,2000,,,,,,,,,,,,0,
2026-04-29 11:14:52,DPI,skipped,high_buy_slippage,2000,KyberSwap,20.13477095920704,38.2431,,,,,,,,,5,
2026-04-29 11:14:57,STG,skipped,high_buy_slippage,2000,0x/Matcha,2734.6446458945893,51.5488,,,,,,,,,6,
2026-04-29 11:14:58,QUICK,ok,,2000,Odos,169.68632063361716,0.877,KyberSwap,1943.9801,0.5857,-56.1823,-2.8091,Sushi,1934.2116,-3.2964,6,4
2026-04-29 11:14:59,MKR,skipped,high_buy_slippage,2000,Odos,0.906095447717623,5.2653,,,,,,,,,5,
2026-04-29 11:14:59,COMP,skipped,no_buy_quotes,2000,,,,,,,,,,,,0,
2026-04-29 11:15:02,SUSHI.e,skipped,high_buy_slippage,2000,Odos,8270.487975585052,8.1132,,,,,,,,,6,
2026-04-29 11:15:02,WOO,skipped,high_buy_slippage,2000,Sushi,95117.79238377763,5.2733,,,,,,,,,6,
2026-04-29 11:15:28,AAVE,skipped,"buy_slippage_error: HTTPSConnectionPool(host='aggregator-api.kyberswap.com', port=443): Read timed out. (read timeout=7)",2000,KyberSwap,,,,,,,,,,,6,
2026-04-29 11:15:46,WETH,ok,,2000,Odos,0.8592046140123729,0.0194,0x/Matcha,1996.4209,-0.026,-3.6546,-0.1827,UniswapV3,1991.3428,-0.4366,6,3
2026-04-29 11:15:56,UNI,ok,,2000,Odos,607.038861754461,0.26,KyberSwap,1974.787,0.1933,-25.3467,-1.2673,Sushi,1974.6016,-1.2757,6,5
2026-04-29 11:16:04,WBTC,ok,,2000,Odos,0.02601619,0.013,Sushi,1998.7805,0.0211,-1.2462,-0.0623,UniswapV3,1998.7666,-0.063,6,3
2026-04-29 11:16:07,LINK,ok,,2000,Odos,214.86723324746282,0.0976,KyberSwap,1995.2993,0.0363,-4.7545,-0.2377,Sushi,1993.0969,-0.3471,6,5
2026-04-29 11:16:32,SUSHI,skipped,high_buy_slippage,2000,Odos,8270.277689117185,8.0877,,,,,,,,,5,
2026-04-29 11:16:51,CRV,skipped,sell_slippage_filtered_all,2000,Odos,8479.162833653889,1.2597,,,,,,,,,6,3
2026-04-29 11:16:52,DAI,ok,,2000,KyberSwap,1999.965055660484,-0.0011,Odos,1999.917,0.0,-0.1014,-0.0051,Sushi,1999.7054,-0.0152,6,5
2026-04-29 11:16:57,WMATIC,ok,,2000,Odos,21582.236526893284,0.0225,KyberSwap,1997.7142,0.0008,-2.3294,-0.1165,Sushi,1996.9099,-0.1563,4,5
2026-04-29 11:16:59,GRT,skipped,high_buy_slippage,2000,KyberSwap,73622.46535121273,5.5276,,,,,,,,,5,
2026-04-29 11:17:03,BAL,skipped,high_buy_slippage,2000,KyberSwap,12812.719985385736,2.3426,,,,,,,,,5,
2026-04-29 11:17:04,SNX,skipped,high_buy_slippage,2000,KyberSwap,5711.0170973524655,6.1126,,,,,,,,,5,
2026-04-29 11:17:15,FRAX,skipped,sell_slippage_filtered_all,2000,Odos,2015.2704590409194,0.2213,,,,,,,,,6,5
2026-04-29 11:17:15,LDO,ok,,2000,Odos,5089.691816415323,0.3354,KyberSwap,1971.1269,0.2138,-28.9771,-1.4489,Sushi,1969.1611,-1.546,5,5
2026-04-29 11:17:16,stMATIC,ok,,2000,Odos,18772.85275088782,0.1322,KyberSwap,1976.1628,0.1244,-23.9548,-1.1977,0x/Matcha,1972.7864,-1.3656,6,5
2026-04-29 11:17:20,DPI,skipped,high_buy_slippage,2000,KyberSwap,20.16986558781633,38.3986,,,,,,,,,5,
2026-04-29 11:17:23,GHST,skipped,no_buy_quotes,2000,,,,,,,,,,,,0,
2026-04-29 11:17:27,STG,skipped,high_buy_slippage,2000,0x/Matcha,2740.443640387836,51.4454,,,,,,,,,6,
2026-04-29 11:17:28,COMP,skipped,no_buy_quotes,2000,,,,,,,,,,,,0,
2026-04-29 11:17:30,MKR,skipped,high_buy_slippage,2000,Odos,0.9060103772041289,5.2574,,,,,,,,,5,
2026-04-29 11:17:30,QUICK,ok,,2000,Odos,169.64467536863387,0.8702,KyberSwap,1943.4316,0.6038,-56.7425,-2.8371,Sushi,1934.1507,-3.3001,6,4
2026-04-29 11:17:34,WOO,skipped,high_buy_slippage,2000,Sushi,95089.7975997817,5.2811,,,,,,,,,6,
2026-04-29 11:17:36,SUSHI.e,skipped,high_buy_slippage,2000,Odos,8270.69568598636,8.1024,,,,,,,,,6,
2026-04-29 11:17:58,AAVE,ok,,2000,KyberSwap,20.60747759404596,0.0866,Odos,1988.0446,0.039,-12.0631,-0.6032,Sushi,1987.5336,-0.6241,6,5
2026-04-29 11:18:04,WBTC,ok,,2000,KyberSwap,0.02601563,0.004,Sushi,1998.7614,0.02,-1.2504,-0.0625,Odos,1998.7778,-0.0627,6,5
2026-04-29 11:18:06,WETH,ok,,2000,KyberSwap,0.8592529260941233,0.0001,Odos,1998.6075,0.0024,-1.4145,-0.0707,Sushi,1998.0707,-0.0968,6,5
2026-04-29 11:18:15,UNI,ok,,2000,Odos,606.9853181404843,0.2556,Sushi,1974.862,0.1905,-25.2593,-1.263,KyberSwap,1973.9057,-1.3122,6,5
2026-04-29 11:18:19,LINK,ok,,2000,Odos,214.88319389722773,0.0881,KyberSwap,1995.0005,0.0142,-5.0597,-0.253,Sushi,1993.7294,-0.3157,6,5
2026-04-29 11:18:20,CRV,ok,,2000,Odos,8477.17952303523,1.2637,KyberSwap,1914.3988,0.9596,-85.8327,-4.2916,0x/Matcha,1912.1674,-4.4018,6,5
2026-04-29 11:18:22,SUSHI,skipped,high_buy_slippage,2000,Odos,8270.687031914822,8.1025,,,,,,,,,6,
2026-04-29 11:18:29,BAL,skipped,high_buy_slippage,2000,KyberSwap,12815.590344111166,2.3306,,,,,,,,,5,
2026-04-29 11:18:32,WMATIC,ok,,2000,KyberSwap,21586.00300104883,0.015,Odos,1997.4687,0.0063,-2.5765,-0.1288,Sushi,1996.9462,-0.153,6,5
2026-04-29 11:18:34,GRT,skipped,high_buy_slippage,2000,KyberSwap,73646.44684558456,5.5249,,,,,,,,,5,
2026-04-29 11:18:34,DAI,ok,,2000,KyberSwap,1999.9383367238092,0.0001,Odos,1999.8993,0.0003,-0.1166,-0.0058,Sushi,1999.6787,-0.0162,6,5
2026-04-29 11:18:37,SNX,skipped,high_buy_slippage,2000,KyberSwap,5714.8072514395035,6.0807,,,,,,,,,5,
2026-04-29 11:18:45,LDO,ok,,2000,KyberSwap,5091.082807700353,0.3344,Odos,1971.7341,0.2149,-28.3679,-1.4184,Sushi,1969.6432,-1.5187,6,5
2026-04-29 11:18:48,stMATIC,ok,,2000,Odos,18776.92982459966,0.1294,KyberSwap,1975.9932,0.1322,-24.1339,-1.2067,0x/Matcha,1972.9361,-1.358,6,5
2026-04-29 11:18:50,FRAX,skipped,sell_slippage_filtered_all,2000,Odos,2015.3126178052266,0.2225,,,,,,,,,6,5
2026-04-29 11:18:50,GHST,skipped,no_buy_quotes,2000,,,,,,,,,,,,0,
2026-04-29 11:18:53,DPI,skipped,high_buy_slippage,2000,KyberSwap,20.172285506561565,37.8463,,,,,,,,,5,
2026-04-29 11:18:56,STG,skipped,high_buy_slippage,2000,0x/Matcha,2740.443798482272,51.4462,,,,,,,,,6,
2026-04-29 11:18:57,COMP,skipped,no_buy_quotes,2000,,,,,,,,,,,,0,
2026-04-29 11:18:58,QUICK,ok,,2000,Odos,169.66983301691522,0.8547,KyberSwap,1943.7907,0.5896,-56.3761,-2.8188,Sushi,1934.3979,-3.2871,6,4
2026-04-29 11:19:02,MKR,skipped,high_buy_slippage,2000,Odos,0.9063507355005469,5.2391,,,,,,,,,5,
2026-04-29 11:19:02,SUSHI.e,skipped,high_buy_slippage,2000,Odos,8270.372458027568,8.1016,,,,,,,,,6,
2026-04-29 11:19:02,WOO,skipped,high_buy_slippage,2000,KyberSwap,95100.60905628651,5.3209,,,,,,,,,6,
2026-04-29 11:19:26,WETH,ok,,2000,KyberSwap,0.8594422763335917,0.0015,Odos,1998.9869,0.0013,-1.0305,-0.0515,Sushi,1998.4456,-0.078,6,5
2026-04-29 11:19:27,WBTC,ok,,2000,KyberSwap,0.02601549,0.0033,Sushi,1998.7381,0.0207,-1.2665,-0.0633,Odos,1998.7554,-0.0634,6,5
2026-04-29 11:19:28,AAVE,ok,,2000,KyberSwap,20.60698463056508,0.0936,Odos,1987.9729,0.0375,-12.1469,-0.6073,Sushi,1987.4768,-0.6265,6,5
2026-04-29 11:19:37,UNI,ok,,2000,Odos,606.9749224155928,0.2531,Sushi,1974.8721,0.1918,-25.262,-1.2631,KyberSwap,1974.668,-1.2742,6,5
2026-04-29 11:19:40,LINK,ok,,2000,Odos,214.88108589952705,0.0621,KyberSwap,1994.9768,0.0272,-5.0845,-0.2542,Sushi,1993.7398,-0.3152,6,5
2026-04-29 11:19:42,CRV,ok,,2000,Odos,8472.875935792013,1.2435,KyberSwap,1914.8257,0.9654,-85.3586,-4.2679,0x/Matcha,1913.3457,-4.3405,6,5
2026-04-29 11:19:45,SUSHI,skipped,high_buy_slippage,2000,Odos,8269.163564604258,8.0993,,,,,,,,,6,
2026-04-29 11:19:49,BAL,skipped,high_buy_slippage,2000,KyberSwap,12812.04676101376,2.3319,,,,,,,,,5,
2026-04-29 11:19:51,WMATIC,ok,,2000,Odos,21579.21131861135,0.0139,KyberSwap,1998.0735,0.0088,-1.996,-0.0998,Sushi,1996.9763,-0.1543,6,5
2026-04-29 11:19:54,GRT,skipped,high_buy_slippage,2000,KyberSwap,73602.14225191786,5.5335,,,,,,,,,5,
2026-04-29 11:19:56,DAI,ok,,2000,KyberSwap,1999.9362909404067,0.0002,Odos,1999.9021,0.0003,-0.1166,-0.0058,Sushi,1999.6766,-0.0163,6,5
2026-04-29 11:20:01,SNX,skipped,high_buy_slippage,2000,KyberSwap,5715.796094565898,5.989,,,,,,,,,5,
2026-04-29 11:20:09,LDO,ok,,2000,Odos,5089.585867130585,0.3358,KyberSwap,1971.1471,0.2162,-28.9787,-1.4489,0x/Matcha,1969.2717,-1.5415,6,5
2026-04-29 11:20:13,FRAX,skipped,sell_slippage_filtered_all,2000,Odos,2015.2427058494952,0.2201,,,,,,,,,6,5
2026-04-29 11:20:13,stMATIC,ok,,2000,Odos,18766.87505426671,0.1344,KyberSwap,1975.9984,0.1928,-24.1419,-1.2071,0x/Matcha,1973.1159,-1.3503,6,5
2026-04-29 11:20:17,DPI,skipped,high_buy_slippage,2000,KyberSwap,20.12770855616098,37.8831,,,,,,,,,5,
2026-04-29 11:20:21,GHST,skipped,no_buy_quotes,2000,,,,,,,,,,,,0,
2026-04-29 11:20:24,QUICK,ok,,2000,Odos,169.62992599874806,0.858,KyberSwap,1944.5174,0.576,-55.6532,-2.7827,Sushi,1934.2543,-3.2947,6,4
2026-04-29 11:20:27,MKR,skipped,high_buy_slippage,2000,Odos,0.9055939432294449,5.2694,,,,,,,,,5,
2026-04-29 11:20:27,STG,skipped,high_buy_slippage,2000,0x/Matcha,2739.683564904277,51.4486,,,,,,,,,6,
2026-04-29 11:20:28,COMP,skipped,no_buy_quotes,2000,,,,,,,,,,,,0,
2026-04-29 11:20:34,WOO,skipped,high_buy_slippage,2000,Sushi,95028.95772427591,5.2736,,,,,,,,,6,
2026-04-29 11:20:36,SUSHI.e,skipped,high_buy_slippage,2000,Odos,8263.569441291796,8.1206,,,,,,,,,6,
2026-04-29 11:20:59,WETH,ok,,2000,KyberSwap,0.8586029418528718,-0.0152,Odos,1998.7913,0.0005,-1.2175,-0.0609,Sushi,1997.9899,-0.1008,6,5
2026-04-29 11:21:00,AAVE,ok,,2000,KyberSwap,20.600914725323147,0.0628,Odos,1988.6629,0.0585,-11.4182,-0.5709,Sushi,1987.7676,-0.612,6,5
2026-04-29 11:21:00,WBTC,ok,,2000,KyberSwap,0.02599541,0.0107,Odos,1998.1138,0.0011,-1.905,-0.0953,Sushi,1997.7027,-0.1152,6,5
2026-04-29 11:21:12,LINK,ok,,2000,Odos,214.50999822742136,0.096,KyberSwap,1993.3492,0.0249,-6.7603,-0.338,Sushi,1992.1939,-0.3947,6,5
2026-04-29 11:21:12,UNI,ok,,2000,Odos,606.4180482611122,0.2643,Sushi,1974.5321,0.1904,-25.6179,-1.2809,KyberSwap,1974.0834,-1.3043,6,5
2026-04-29 11:21:14,CRV,ok,,2000,Odos,8465.322835375408,1.2697,KyberSwap,1914.9119,0.9428,-85.2583,-4.2629,0x/Matcha,1912.3472,-4.3898,6,5
2026-04-29 11:21:18,SUSHI,skipped,high_buy_slippage,2000,Odos,8262.202054075551,8.1128,,,,,,,,,6,
2026-04-29 11:21:22,BAL,skipped,high_buy_slippage,2000,KyberSwap,12808.40284707142,2.3308,,,,,,,,,5,
2026-04-29 11:21:23,WMATIC,ok,,2000,KyberSwap,21565.604366989442,0.0139,Odos,1997.4081,0.0047,-2.6355,-0.1318,Sushi,1996.9915,-0.1508,6,5
2026-04-29 11:21:25,GRT,skipped,high_buy_slippage,2000,KyberSwap,73587.1671282142,5.4898,,,,,,,,,5,
2026-04-29 11:21:27,DAI,ok,,2000,KyberSwap,1999.9384945932588,0.0001,Odos,1999.9034,0.001,-0.1115,-0.0056,Sushi,1999.6789,-0.0164,6,5
2026-04-29 11:21:28,SNX,skipped,high_buy_slippage,2000,KyberSwap,5710.233987129211,6.0906,,,,,,,,,5,
2026-04-29 11:21:37,stMATIC,ok,,2000,Odos,18762.870706849586,0.1456,KyberSwap,1975.8759,0.1322,-24.2608,-1.213,0x/Matcha,1972.9361,-1.3586,6,5
2026-04-29 11:21:39,LDO,ok,,2000,Odos,5088.278581046327,0.3241,KyberSwap,1971.4781,0.2057,-28.6063,-1.4303,Sushi,1969.9861,-1.5031,6,5
2026-04-29 11:21:42,FRAX,skipped,sell_slippage_filtered_all,2000,Odos,2015.2128862941672,0.2174,,,,,,,,,6,5
2026-04-29 11:21:46,DPI,skipped,high_buy_slippage,2000,KyberSwap,20.167392663911208,37.8437,,,,,,,,,5,
2026-04-29 11:21:47,GHST,skipped,no_buy_quotes,2000,,,,,,,,,,,,0,
2026-04-29 11:21:49,QUICK,ok,,2000,Odos,169.61747440041108,0.8601,KyberSwap,1943.6037,0.6022,-56.5298,-2.8265,Sushi,1934.5608,-3.2769,6,4
2026-04-29 11:21:51,COMP,skipped,no_buy_quotes,2000,,,,,,,,,,,,0,
2026-04-29 11:21:53,MKR,skipped,high_buy_slippage,2000,Odos,0.9058837092747508,5.2416,,,,,,,,,5,
2026-04-29 11:21:54,STG,skipped,high_buy_slippage,2000,0x/Matcha,2744.1365650513117,51.2549,,,,,,,,,6,
2026-04-29 11:21:55,SUSHI.e,skipped,high_buy_slippage,2000,Odos,8266.355334125205,8.0991,,,,,,,,,6,
2026-04-29 11:21:57,WOO,skipped,high_buy_slippage,2000,KyberSwap,95049.65020074963,5.2849,,,,,,,,,6,
2026-04-29 11:22:19,WETH,ok,,2000,KyberSwap,0.858743716743419,0.0463,Odos,1998.3005,0.0036,-1.7411,-0.0871,Sushi,1997.8141,-0.1096,6,5
2026-04-29 11:22:20,WBTC,ok,,2000,KyberSwap,0.02600291,0.0002,Odos,1998.357,0.0075,-1.6706,-0.0835,Sushi,1998.0682,-0.0969,6,5
2026-04-29 11:22:23,AAVE,ok,,2000,KyberSwap,20.602320222701344,0.0814,Odos,1988.2336,0.0523,-11.8836,-0.5942,Sushi,1987.5954,-0.6206,6,5
2026-04-29 11:22:31,UNI,ok,,2000,Odos,606.5766088858677,0.2551,Sushi,1974.6312,0.1908,-25.5289,-1.2764,KyberSwap,1973.7975,-1.3196,6,5
2026-04-29 11:22:34,CRV,ok,,2000,Odos,8467.189546749372,1.2701,KyberSwap,1914.7342,0.9523,-85.4716,-4.2736,0x/Matcha,1912.3572,-4.3908,6,5
2026-04-29 11:22:35,LINK,ok,,2000,Odos,214.6262086615582,0.0928,KyberSwap,1993.379,0.0263,-6.7265,-0.3363,Sushi,1992.4631,-0.3807,6,5
2026-04-29 11:22:36,SUSHI,skipped,high_buy_slippage,2000,Odos,8266.30691751976,8.0997,,,,,,,,,6,
2026-04-29 11:22:40,BAL,skipped,high_buy_slippage,2000,KyberSwap,12810.119208386604,2.3488,,,,,,,,,5,
2026-04-29 11:22:44,GRT,skipped,high_buy_slippage,2000,KyberSwap,73600.48817049606,5.5242,,,,,,,,,5,
2026-04-29 11:22:49,WMATIC,ok,,2000,KyberSwap,21573.79340102967,0.0238,Odos,1997.7811,0.0102,-2.2911,-0.1146,Sushi,1997.5459,-0.1235,6,5
2026-04-29 11:22:50,DAI,ok,,2000,KyberSwap,1999.9601148241175,0.0023,Odos,1999.8784,0.0002,-0.1454,-0.0073,Sushi,1999.7005,-0.0155,6,5
2026-04-29 11:22:54,SNX,skipped,high_buy_slippage,2000,KyberSwap,5712.179838964245,6.0658,,,,,,,,,5,
2026-04-29 11:23:01,LDO,ok,,2000,Odos,5088.274213946496,0.3312,KyberSwap,1971.2486,0.213,-28.84,-1.442,Sushi,1969.4896,-1.5283,6,5
2026-04-29 11:23:04,FRAX,skipped,sell_slippage_filtered_all,2000,Odos,2015.2124287689032,0.2174,,,,,,,,,6,5
2026-04-29 11:23:06,GHST,skipped,no_buy_quotes,2000,,,,,,,,,,,,0,
2026-04-29 11:23:09,DPI,skipped,high_buy_slippage,2000,KyberSwap,20.131769201720235,38.5008,,,,,,,,,5,
2026-04-29 11:23:09,stMATIC,skipped,sell_slippage_filtered_all,2000,Odos,18762.91270070813,0.148,,,,,,,,,6,5
2026-04-29 11:23:14,MKR,skipped,high_buy_slippage,2000,Odos,0.9058886135220087,5.2467,,,,,,,,,5,
2026-04-29 11:23:16,COMP,skipped,no_buy_quotes,2000,,,,,,,,,,,,0,
2026-04-29 11:23:18,STG,skipped,high_buy_slippage,2000,0x/Matcha,2740.4388337742926,49.2181,,,,,,,,,6,
2026-04-29 11:23:19,QUICK,ok,,2000,Odos,169.58706101374696,0.8728,KyberSwap,1943.5939,0.5877,-56.5583,-2.8279,Sushi,1934.115,-3.3003,6,4
2026-04-29 11:23:22,SUSHI.e,skipped,high_buy_slippage,2000,Odos,8266.528936660481,8.0969,,,,,,,,,6,
2026-04-29 11:23:24,WOO,skipped,high_buy_slippage,2000,Sushi,95043.64900171818,5.2804,,,,,,,,,6,
2026-04-29 11:23:46,WBTC,ok,,2000,KyberSwap,0.02600309,0.0006,Odos,1998.3753,0.0073,-1.6525,-0.0826,Sushi,1998.0705,-0.0968,6,5
2026-04-29 11:23:48,WETH,ok,,2000,KyberSwap,0.8588147447867956,0.0007,Odos,1998.4437,0.004,-1.6005,-0.08,Sushi,1997.885,-0.1059,6,5
2026-04-29 11:23:49,AAVE,ok,,2000,KyberSwap,20.602765258713152,0.0717,Odos,1988.2433,0.052,-11.8743,-0.5937,Sushi,1987.5367,-0.6236,6,5
2026-04-29 11:23:59,UNI,ok,,2000,Odos,606.6212332427161,0.247,Sushi,1974.6751,0.1908,-25.4206,-1.271,KyberSwap,1974.6042,-1.2755,6,5
2026-04-29 11:24:01,LINK,ok,,2000,KyberSwap,214.6397121253825,0.0848,Odos,1994.2018,0.0195,-5.843,-0.2922,Sushi,1992.5686,-0.3726,6,5
2026-04-29 11:24:05,SUSHI,skipped,high_buy_slippage,2000,Odos,8265.163167486533,8.1097,,,,,,,,,6,
2026-04-29 11:24:05,CRV,ok,,2000,Odos,8467.722688511996,1.2592,KyberSwap,1914.6105,0.9423,-85.5632,-4.2782,0x/Matcha,1912.3671,-4.3889,6,5
2026-04-29 11:24:10,BAL,skipped,high_buy_slippage,2000,KyberSwap,12813.11648520719,2.3366,,,,,,,,,5,
2026-04-29 11:24:13,WMATIC,ok,,2000,KyberSwap,21583.60012643766,0.0149,Odos,1997.6499,0.0122,-2.4327,-0.1216,Sushi,1996.9196,-0.1548,6,5
2026-04-29 11:24:15,GRT,skipped,high_buy_slippage,2000,KyberSwap,73614.38372870199,5.5318,,,,,,,,,5,
2026-04-29 11:24:18,SNX,skipped,high_buy_slippage,2000,KyberSwap,5712.584633618584,6.0878,,,,,,,,,5,
2026-04-29 11:24:21,DAI,ok,,2000,KyberSwap,1999.971478734072,0.0054,Odos,1999.9467,0.0015,-0.0749,-0.0037,Sushi,1999.7119,-0.0148,6,5
2026-04-29 11:24:24,stMATIC,ok,,2000,Odos,18773.234885505994,0.1283,KyberSwap,1976.8478,0.1452,-23.2555,-1.1628,0x/Matcha,1973.2756,-1.3407,6,5
2026-04-29 11:24:32,LDO,ok,,2000,KyberSwap,5087.206733088474,0.3395,Odos,1971.5127,0.209,-28.5988,-1.4299,Sushi,1968.9105,-1.5554,6,5
2026-04-29 11:24:34,GHST,skipped,no_buy_quotes,2000,,,,,,,,,,,,0,
2026-04-29 11:24:36,FRAX,skipped,sell_slippage_filtered_all,2000,Odos,2015.2754262267404,0.2215,,,,,,,,,6,5
2026-04-29 11:24:36,DPI,skipped,high_buy_slippage,2000,KyberSwap,20.12962561311176,38.4986,,,,,,,,,5,
2026-04-29 11:24:37,QUICK,ok,,2000,Odos,169.62276935476132,0.8761,KyberSwap,1944.1911,0.5778,-55.9881,-2.7994,Sushi,1934.2709,-3.2942,6,4
2026-04-29 11:24:39,COMP,skipped,no_buy_quotes,2000,,,,,,,,,,,,0,
2026-04-29 11:24:42,STG,skipped,high_buy_slippage,2000,0x/Matcha,2740.444449706388,51.4461,,,,,,,,,6,
2026-04-29 11:24:43,SUSHI.e,skipped,high_buy_slippage,2000,Odos,8264.952738316988,8.1108,,,,,,,,,6,
2026-04-29 11:24:43,MKR,skipped,high_buy_slippage,2000,Odos,0.9056228702928043,5.2549,,,,,,,,,5,
2026-04-29 11:24:49,WOO,skipped,high_buy_slippage,2000,Sushi,95043.73866830787,5.2762,,,,,,,,,6,
2026-04-29 11:25:12,WETH,ok,,2000,KyberSwap,0.8586491158285293,-0.0087,Odos,1998.7818,0.0007,-1.2295,-0.0615,Sushi,1997.532,-0.1237,6,5
2026-04-29 11:25:17,AAVE,ok,,2000,KyberSwap,20.600545368987852,0.0709,Odos,1988.4788,0.0576,-11.6334,-0.5817,Sushi,1987.3079,-0.635,6,5
2026-04-29 11:25:17,WBTC,ok,,2000,KyberSwap,0.02599262,0.0001,Odos,1998.1968,0.0005,-1.8154,-0.0908,Sushi,1997.2765,-0.1365,6,5
2026-04-29 11:25:28,UNI,ok,,2000,Odos,606.6509309265657,0.2616,Sushi,1974.533,0.1915,-25.6429,-1.2821,KyberSwap,1973.9197,-1.3138,6,5
2026-04-29 11:25:29,LINK,ok,,2000,Odos,214.6372328279453,0.0972,KyberSwap,1992.6674,0.0398,-7.429,-0.3714,Sushi,1991.4186,-0.4328,6,5
2026-04-29 11:25:34,CRV,ok,,2000,Odos,8469.597148786763,1.2569,KyberSwap,1914.7985,0.9509,-85.5109,-4.2755,0x/Matcha,1912.5569,-4.3861,6,5
2026-04-29 11:25:34,SUSHI,skipped,high_buy_slippage,2000,Odos,8264.631167919448,8.1217,,,,,,,,,6,
2026-04-29 11:25:39,BAL,skipped,high_buy_slippage,2000,KyberSwap,12810.861786238265,2.347,,,,,,,,,5,
2026-04-29 11:25:42,WMATIC,ok,,2000,Odos,21578.38061655387,0.0128,KyberSwap,1997.3039,0.0092,-2.739,-0.1369,Sushi,1996.9822,-0.1527,6,5
2026-04-29 11:25:44,GRT,skipped,high_buy_slippage,2000,KyberSwap,73613.96132197151,5.5277,,,,,,,,,5,
2026-04-29 11:25:47,DAI,ok,,2000,KyberSwap,1999.9337230730482,0.0016,Odos,1999.8603,0.0002,-0.1518,-0.0076,Sushi,1999.6741,-0.0165,6,5
2026-04-29 11:25:50,SNX,skipped,high_buy_slippage,2000,KyberSwap,5711.984294551181,6.0889,,,,,,,,,5,
2026-04-29 11:25:57,stMATIC,ok,,2000,Odos,18770.72590961007,0.1234,KyberSwap,1976.8657,0.1039,-23.2305,-1.1615,0x/Matcha,1972.9262,-1.3578,6,5
2026-04-29 11:25:58,LDO,ok,,2000,Odos,5088.057480456942,0.3325,KyberSwap,1970.9255,0.2105,-29.1501,-1.4575,Sushi,1969.2925,-1.538,6,5
2026-04-29 11:26:00,GHST,skipped,no_buy_quotes,2000,,,,,,,,,,,,0,
2026-04-29 11:26:02,DPI,skipped,high_buy_slippage,2000,KyberSwap,20.168125220866656,37.836,,,,,,,,,5,
2026-04-29 11:26:06,FRAX,skipped,sell_slippage_filtered_all,2000,Odos,2015.240440334313,0.2189,,,,,,,,,6,5
2026-04-29 11:26:09,STG,skipped,high_buy_slippage,2000,KyberSwap,2730.194695553245,49.9174,,,,,,,,,6,
2026-04-29 11:26:11,COMP,skipped,no_buy_quotes,2000,,,,,,,,,,,,0,
2026-04-29 11:26:12,QUICK,ok,,2000,Odos,169.61974641696509,0.8647,KyberSwap,1943.7266,0.5879,-56.4265,-2.8213,Sushi,1934.3395,-3.2894,6,4
2026-04-29 11:26:13,MKR,skipped,high_buy_slippage,2000,Odos,0.9058364753172999,5.2431,,,,,,,,,5,
2026-04-29 11:26:16,WOO,skipped,high_buy_slippage,2000,KyberSwap,95056.16254748829,5.3187,,,,,,,,,6,
2026-04-29 11:26:19,SUSHI.e,skipped,high_buy_slippage,2000,Odos,8266.282129613506,8.1009,,,,,,,,,6,
2026-04-29 11:26:41,WBTC,ok,,2000,KyberSwap,0.02599277,0.0303,Odos,1998.2082,0.0005,-1.8031,-0.0902,Sushi,1997.2934,-0.1356,6,5
2026-04-29 11:26:41,AAVE,ok,,2000,KyberSwap,20.600037903612787,0.0713,Odos,1987.9323,0.0521,-12.1967,-0.6098,Sushi,1987.2895,-0.6365,6,5
2026-04-29 11:26:43,WETH,ok,,2000,KyberSwap,0.8592375652046448,0.0014,Odos,1999.287,0.0035,-0.7359,-0.0368,Sushi,1998.9047,-0.055,6,5
2026-04-29 11:26:53,UNI,ok,,2000,Odos,606.6915260575496,0.2462,Sushi,1974.7402,0.2056,-25.3684,-1.2684,KyberSwap,1973.9067,-1.3112,6,5
2026-04-29 11:26:54,LINK,ok,,2000,Odos,214.67510084400826,0.0872,KyberSwap,1992.778,0.039,-7.2788,-0.3639,Sushi,1991.9597,-0.4038,6,5
2026-04-29 11:26:54,CRV,ok,,2000,Odos,8469.370963484642,1.2548,KyberSwap,1914.9727,0.9517,-85.2249,-4.2612,0x/Matcha,1913.106,-4.3531,6,5
2026-04-29 11:27:02,SUSHI,skipped,high_buy_slippage,2000,Odos,8265.95763033279,8.1008,,,,,,,,,6,
2026-04-29 11:27:06,DAI,ok,,2000,KyberSwap,1999.9334129761396,0.0002,Odos,1999.8875,-0.0011,-0.1383,-0.0069,Sushi,1999.6738,-0.0165,6,5
2026-04-29 11:27:07,WMATIC,ok,,2000,KyberSwap,21574.859247459935,0.014,Odos,1998.2326,0.0121,-1.7849,-0.0892,Sushi,1997.9956,-0.1006,6,5
2026-04-29 11:27:07,BAL,skipped,high_buy_slippage,2000,KyberSwap,12810.231999387217,2.349,,,,,,,,,5,
2026-04-29 11:27:11,GRT,skipped,high_buy_slippage,2000,KyberSwap,73701.14849211289,5.5293,,,,,,,,,5,
2026-04-29 11:27:14,SNX,skipped,high_buy_slippage,2000,KyberSwap,5712.950258788121,6.0717,,,,,,,,,5,
2026-04-29 11:27:24,stMATIC,ok,,2000,Odos,18765.30977039421,0.1347,KyberSwap,1976.3146,0.1322,-23.7886,-1.1894,0x/Matcha,1973.3655,-1.3358,6,5
2026-04-29 11:27:27,LDO,ok,,2000,Odos,5089.1055017006765,0.3257,KyberSwap,1971.4598,0.2153,-28.6213,-1.4311,Sushi,1969.8944,-1.5078,6,5
2026-04-29 11:27:27,FRAX,skipped,sell_slippage_filtered_all,2000,Odos,2015.2198136170693,0.2169,,,,,,,,,6,5
2026-04-29 11:27:30,DPI,skipped,high_buy_slippage,2000,KyberSwap,20.133300539059647,37.9527,,,,,,,,,5,
2026-04-29 11:27:35,GHST,skipped,no_buy_quotes,2000,,,,,,,,,,,,0,
2026-04-29 11:27:35,QUICK,ok,,2000,Odos,169.61550014736372,0.8595,KyberSwap,1943.7133,0.5885,-56.4363,-2.8218,Sushi,1934.4854,-3.2819,6,4
2026-04-29 11:27:37,STG,skipped,high_buy_slippage,2000,0x/Matcha,2740.464022516481,51.4374,,,,,,,,,6,
2026-04-29 11:27:38,COMP,skipped,no_buy_quotes,2000,,,,,,,,,,,,0,
2026-04-29 11:27:41,SUSHI.e,skipped,high_buy_slippage,2000,Odos,8267.412939456652,8.0996,,,,,,,,,6,
2026-04-29 11:27:42,WOO,skipped,high_buy_slippage,2000,KyberSwap,95051.17363164628,5.3014,,,,,,,,,6,
2026-04-29 11:27:43,MKR,skipped,high_buy_slippage,2000,Odos,0.9060742801112337,5.2362,,,,,,,,,5,
2026-04-29 11:28:07,WBTC,ok,,2000,KyberSwap,0.02599478,0.017,Odos,1998.3637,0.0005,-1.647,-0.0823,Sushi,1997.4504,-0.1278,6,5
2026-04-29 11:28:08,AAVE,ok,,2000,KyberSwap,20.601053955563366,0.0704,Odos,1988.0475,0.051,-12.0759,-0.6038,Sushi,1987.4313,-0.6288,6,5
2026-04-29 11:28:10,WETH,ok,,2000,KyberSwap,0.859208632069495,0.0018,Odos,1999.056,0.01,-0.9785,-0.0489,Sushi,1998.8124,-0.0596,6,5
2026-04-29 11:28:19,UNI,ok,,2000,Odos,606.5930389754742,0.2539,Sushi,1974.764,0.189,-25.3732,-1.2687,KyberSwap,1973.7158,-1.3228,6,5
2026-04-29 11:28:22,LINK,ok,,2000,Odos,214.64469233529653,0.0863,KyberSwap,1992.9331,0.0487,-7.136,-0.3568,Sushi,1991.8723,-0.4085,6,5
2026-04-29 11:28:23,CRV,ok,,2000,Odos,8467.208283883145,1.2728,KyberSwap,1914.8133,0.9504,-85.3948,-4.2697,0x/Matcha,1912.447,-4.3865,6,5
2026-04-29 11:28:28,SUSHI,skipped,high_buy_slippage,2000,Odos,8267.355038477155,8.0999,,,,,,,,,6,
2026-04-29 11:28:32,WMATIC,ok,,2000,KyberSwap,21572.524804102475,0.0256,Odos,1997.7524,0.0125,-2.2724,-0.1136,Sushi,1997.5687,-0.1219,6,5
2026-04-29 11:28:34,BAL,skipped,high_buy_slippage,2000,KyberSwap,12812.210078695141,2.3256,,,,,,,,,5,
2026-04-29 11:28:36,DAI,ok,,2000,KyberSwap,1999.9336145644604,0.0001,Odos,1999.8951,0.0006,-0.1176,-0.0059,Sushi,1999.674,-0.0165,6,5
2026-04-29 11:28:36,GRT,skipped,high_buy_slippage,2000,KyberSwap,73696.1930260093,5.5209,,,,,,,,,5,
2026-04-29 11:28:40,SNX,skipped,high_buy_slippage,2000,KyberSwap,5711.788383298839,6.0769,,,,,,,,,5,
2026-04-29 11:28:50,LDO,ok,,2000,Odos,5089.046156870516,0.3244,KyberSwap,1971.3578,0.2191,-28.7254,-1.4363,Sushi,1969.8241,-1.5114,6,5
2026-04-29 11:28:53,stMATIC,ok,,2000,Odos,18764.62388940782,0.136,KyberSwap,1976.1466,0.1332,-24.018,-1.2009,0x/Matcha,1973.1858,-1.3477,6,5
2026-04-29 11:28:54,GHST,skipped,no_buy_quotes,2000,,,,,,,,,,,,0,
2026-04-29 11:28:55,FRAX,skipped,sell_slippage_filtered_all,2000,Odos,2015.208999348736,0.2172,,,,,,,,,6,5
2026-04-29 11:28:57,DPI,skipped,high_buy_slippage,2000,KyberSwap,20.132905022760287,38.5035,,,,,,,,,5,
2026-04-29 11:29:02,QUICK,ok,,2000,Odos,169.61173877447953,0.863,KyberSwap,1943.3644,0.601,-56.7772,-2.8389,Sushi,1934.4679,-3.2823,6,4
2026-04-29 11:29:02,MKR,skipped,high_buy_slippage,2000,Odos,0.9059673917416897,5.2421,,,,,,,,,5,
2026-04-29 11:29:03,STG,skipped,high_buy_slippage,2000,0x/Matcha,2740.426059122325,51.3214,,,,,,,,,6,
2026-04-29 11:29:04,COMP,skipped,no_buy_quotes,2000,,,,,,,,,,,,0,
2026-04-29 11:29:07,SUSHI.e,skipped,high_buy_slippage,2000,Odos,8266.942159772063,8.1,,,,,,,,,6,
2026-04-29 11:29:08,WOO,skipped,high_buy_slippage,2000,KyberSwap,95060.75428127103,5.3189,,,,,,,,,6,
2026-04-29 11:29:30,WBTC,ok,,2000,KyberSwap,0.02599279,0.0043,Odos,1998.3509,0.0067,-1.6622,-0.0831,Sushi,1998.0478,-0.0979,6,5
2026-04-29 11:29:30,AAVE,ok,,2000,KyberSwap,20.599703005735346,0.0612,Odos,1987.9655,0.0597,-12.1438,-0.6072,Sushi,1987.3756,-0.6316,6,5
2026-04-29 11:29:31,WETH,ok,,2000,KyberSwap,0.8588598341198717,0.0004,Odos,1998.3507,0.0085,-1.6868,-0.0843,Sushi,1998.2035,-0.0902,6,5
2026-04-29 11:29:41,LINK,ok,,2000,KyberSwap,214.5634568303503,0.0892,Odos,1992.6575,0.0562,-7.4475,-0.3724,Sushi,1991.8145,-0.4107,6,5
2026-04-29 11:29:41,CRV,ok,,2000,Odos,8467.120545363568,1.2717,KyberSwap,1914.6632,0.9517,-85.5723,-4.2786,0x/Matcha,1912.457,-4.3874,6,5
2026-04-29 11:29:43,UNI,ok,,2000,Odos,606.5301048436147,0.2546,Sushi,1974.7026,0.1845,-25.4159,-1.2708,KyberSwap,1973.5487,-1.3299,6,5
2026-04-29 11:29:49,SUSHI,skipped,high_buy_slippage,2000,Odos,8266.999979059254,8.1,,,,,,,,,6,
2026-04-29 11:29:52,WMATIC,ok,,2000,KyberSwap,21571.996131033415,0.0263,Odos,1997.7074,0.0107,-2.3101,-0.1155,Sushi,1997.5146,-0.1246,6,5
2026-04-29 11:29:53,DAI,ok,,2000,KyberSwap,1999.9326242844402,0.0002,Odos,1999.8888,0.0003,-0.1253,-0.0063,Sushi,1999.6728,-0.0165,6,5
2026-04-29 11:29:55,BAL,skipped,high_buy_slippage,2000,KyberSwap,12811.981782667746,2.3288,,,,,,,,,5,
2026-04-29 11:29:56,GRT,skipped,high_buy_slippage,2000,KyberSwap,73700.98075020962,5.5166,,,,,,,,,5,
2026-04-29 11:29:57,SNX,skipped,high_buy_slippage,2000,KyberSwap,5712.849227523097,6.0617,,,,,,,,,5,
2026-04-29 11:30:08,stMATIC,ok,,2000,Odos,18762.669567618745,0.1447,KyberSwap,1975.9387,0.1313,-24.2287,-1.2114,0x/Matcha,1972.9661,-1.3593,6,5
2026-04-29 11:30:08,LDO,ok,,2000,Odos,5088.384472947089,0.3319,KyberSwap,1971.1306,0.214,-29.0644,-1.4532,Sushi,1969.6709,-1.5248,6,5
2026-04-29 11:30:09,FRAX,skipped,sell_slippage_filtered_all,2000,Odos,2015.2090162129557,0.2172,,,,,,,,,6,5
2026-04-29 11:30:11,GHST,skipped,no_buy_quotes,2000,,,,,,,,,,,,0,
2026-04-29 11:30:13,DPI,skipped,high_buy_slippage,2000,KyberSwap,20.169483872371778,37.8397,,,,,,,,,5,
2026-04-29 11:30:18,STG,skipped,high_buy_slippage,2000,KyberSwap,2730.1944940448357,49.9174,,,,,,,,,6,
2026-04-29 11:30:19,MKR,skipped,high_buy_slippage,2000,Odos,0.9059665213078948,5.2422,,,,,,,,,5,
2026-04-29 11:30:20,COMP,skipped,no_buy_quotes,2000,,,,,,,,,,,,0,
2026-04-29 11:30:24,WOO,skipped,high_buy_slippage,2000,Sushi,95041.69272035561,5.2788,,,,,,,,,6,
2026-04-29 11:30:24,SUSHI.e,skipped,high_buy_slippage,2000,Odos,8266.98393011363,8.0819,,,,,,,,,6,
2026-04-29 11:30:24,QUICK,ok,,2000,Odos,169.6088484222518,0.861,KyberSwap,1943.4533,0.5877,-56.9796,-2.849,Sushi,1934.3555,-3.3014,6,4
2026-04-29 11:30:47,WETH,ok,,2000,KyberSwap,0.8591631885815154,0.0014,Odos,1999.0177,0.0088,-1.0704,-0.0535,Sushi,1998.9172,-0.0548,6,5
2026-04-29 11:30:49,WBTC,ok,,2000,KyberSwap,0.02599263,0.0022,Odos,1998.541,0.0153,-1.4877,-0.0744,Sushi,1998.4105,-0.08,6,5
2026-04-29 11:30:54,AAVE,ok,,2000,KyberSwap,20.60003110487125,0.0669,Odos,1988.0206,0.0464,-12.2477,-0.6124,Sushi,1987.4499,-0.6283,6,5
2026-04-29 11:30:59,LINK,ok,,2000,KyberSwap,214.53526308081058,0.0867,Odos,1992.565,0.0583,-7.5841,-0.3792,Sushi,1991.6922,-0.4173,6,5
2026-04-29 11:31:04,SUSHI,skipped,high_buy_slippage,2000,Odos,8266.341524814034,8.0976,,,,,,,,,6,
2026-04-29 11:31:06,UNI,ok,,2000,Odos,606.5172978755545,0.2342,Sushi,1974.6135,0.1835,-25.6012,-1.2801,KyberSwap,1973.8013,-1.3223,6,5
2026-04-29 11:31:11,CRV,ok,,2000,Odos,8466.286948847226,1.2549,KyberSwap,1914.7655,0.9605,-85.4765,-4.2738,0x/Matcha,1912.2873,-4.3959,6,5
2026-04-29 11:31:16,BAL,skipped,high_buy_slippage,2000,KyberSwap,12810.249547733678,2.3273,,,,,,,,,5,
2026-04-29 11:31:17,WMATIC,ok,,2000,KyberSwap,21565.949048708742,0.005,Odos,1998.4346,0.0052,-1.5835,-0.0792,Sushi,1997.072,-0.147,6,5
2026-04-29 11:31:20,DAI,ok,,2000,KyberSwap,1999.9322098598539,0.0002,Odos,1999.9119,0.0003,-0.1044,-0.0052,Sushi,1999.6724,-0.0166,6,5
2026-04-29 11:31:21,SNX,skipped,high_buy_slippage,2000,KyberSwap,5708.0813754964765,6.099,,,,,,,,,5,
2026-04-29 11:31:22,GRT,skipped,high_buy_slippage,2000,KyberSwap,73666.86826064572,5.5318,,,,,,,,,5,
2026-04-29 11:31:31,stMATIC,ok,,2000,Odos,18756.172014899792,0.1215,KyberSwap,1976.6715,0.1254,-23.4553,-1.1728,0x/Matcha,1973.7749,-1.3162,6,5
2026-04-29 11:31:35,LDO,ok,,2000,Odos,5087.93481799777,0.325,KyberSwap,1971.3964,0.2153,-28.6945,-1.4347,Sushi,1969.6491,-1.5207,6,5
2026-04-29 11:31:36,GHST,skipped,no_buy_quotes,2000,,,,,,,,,,,,0,
2026-04-29 11:31:38,FRAX,skipped,sell_slippage_filtered_all,2000,Odos,2015.1338814170017,0.2145,,,,,,,,,6,5
2026-04-29 11:31:39,DPI,skipped,high_buy_slippage,2000,KyberSwap,20.16966788560478,38.391,,,,,,,,,5,
2026-04-29 11:31:43,QUICK,ok,,2000,Odos,169.58765221494238,0.8392,KyberSwap,1943.3831,0.5925,-56.7649,-2.8382,Sushi,1934.1098,-3.3004,6,4
2026-04-29 11:31:43,STG,skipped,high_buy_slippage,2000,KyberSwap,2730.200999369927,49.9173,,,,,,,,,6,
2026-04-29 11:31:45,COMP,skipped,no_buy_quotes,2000,,,,,,,,,,,,0,
2026-04-29 11:31:47,SUSHI.e,skipped,high_buy_slippage,2000,Odos,8265.001239389252,8.0895,,,,,,,,,6,
2026-04-29 11:31:48,WOO,skipped,high_buy_slippage,2000,Sushi,95044.86802363342,5.2802,,,,,,,,,5,
2026-04-29 11:31:48,MKR,skipped,high_buy_slippage,2000,Odos,0.9059721763606097,5.2416,,,,,,,,,5,
2026-04-29 11:32:10,WBTC,ok,,2000,KyberSwap,0.02599277,0.0003,Odos,1998.5518,0.0153,-1.4632,-0.0732,Sushi,1998.4213,-0.0793,6,5
2026-04-29 11:32:12,AAVE,ok,,2000,KyberSwap,20.598005801432983,0.0546,Odos,1988.2995,0.0578,-11.8345,-0.5917,Sushi,1987.5484,-0.623,6,5
2026-04-29 11:32:12,WETH,ok,,2000,KyberSwap,0.8588471668418852,0.0121,Odos,1998.3879,0.0097,-1.6533,-0.0827,Sushi,1998.2803,-0.0863,6,5
2026-04-29 11:32:22,UNI,ok,,2000,Odos,606.2276163696433,0.2349,KyberSwap,1974.627,0.192,-25.526,-1.2763,Sushi,1974.5619,-1.2783,6,5
2026-04-29 11:32:25,LINK,ok,,2000,Odos,214.51099218306825,0.0774,KyberSwap,1993.6998,0.018,-6.4049,-0.3202,Sushi,1991.7136,-0.4184,6,5
2026-04-29 11:32:27,SUSHI,skipped,high_buy_slippage,2000,Odos,8264.268785167786,8.0892,,,,,,,,,6,
2026-04-29 11:32:30,CRV,ok,,2000,Odos,8460.958797030422,1.2572,KyberSwap,1914.8789,0.9412,-85.2758,-4.2638,0x/Matcha,1912.6767,-4.3725,6,5
2026-04-29 11:32:35,BAL,skipped,high_buy_slippage,2000,KyberSwap,12807.288237766741,2.3207,,,,,,,,,5,
2026-04-29 11:32:36,WMATIC,ok,,2000,Odos,21543.549554412162,0.0152,KyberSwap,1997.7975,0.0501,-2.26,-0.113,Sushi,1997.0576,-0.1498,6,5
2026-04-29 11:32:38,DAI,ok,,2000,KyberSwap,1999.9616691214765,0.0005,Odos,1999.9484,0.0007,-0.0759,-0.0038,Sushi,1999.7015,-0.0155,6,5
2026-04-29 11:32:39,GRT,skipped,high_buy_slippage,2000,KyberSwap,73646.89263993142,5.5172,,,,,,,,,5,
2026-04-29 11:32:40,SNX,skipped,high_buy_slippage,2000,KyberSwap,5706.67644828471,6.0751,,,,,,,,,5,
2026-04-29 11:32:51,LDO,ok,,2000,KyberSwap,5086.59455346696,0.3304,Odos,1972.1882,0.2112,-27.8946,-1.3947,0x/Matcha,1969.6611,-1.5178,6,5
2026-04-29 11:32:53,stMATIC,ok,,2000,Odos,18740.58802611162,0.1374,KyberSwap,1976.8191,0.1188,-23.296,-1.1648,0x/Matcha,1973.8648,-1.3117,6,5
2026-04-29 11:32:53,FRAX,skipped,sell_slippage_filtered_all,2000,Odos,2015.037844421711,0.2116,,,,,,,,,6,5
2026-04-29 11:32:56,GHST,skipped,no_buy_quotes,2000,,,,,,,,,,,,0,
2026-04-29 11:32:58,DPI,skipped,high_buy_slippage,2000,KyberSwap,20.16516467990824,37.7981,,,,,,,,,5,
2026-04-29 11:33:03,MKR,skipped,high_buy_slippage,2000,Odos,0.905573730799696,5.2573,,,,,,,,,5,
2026-04-29 11:33:04,QUICK,ok,,2000,Odos,169.53318233853312,0.8341,KyberSwap,1943.6618,0.5648,-56.5027,-2.8251,Sushi,1933.7258,-3.3206,6,4
2026-04-29 11:33:06,COMP,skipped,no_buy_quotes,2000,,,,,,,,,,,,0,
2026-04-29 11:33:07,STG,skipped,high_buy_slippage,2000,0x/Matcha,2744.145617928928,51.3732,,,,,,,,,6,
2026-04-29 11:33:10,SUSHI.e,skipped,high_buy_slippage,2000,Odos,8261.166403193636,8.1069,,,,,,,,,6,
2026-04-29 11:33:14,WOO,skipped,high_buy_slippage,2000,Sushi,95044.3581712809,5.2801,,,,,,,,,6,
2026-04-29 11:33:38,WETH,ok,,2000,Odos,0.8582114464624959,0.0171,KyberSwap,2000.2889,-0.0377,0.222,0.0111,Sushi,1997.7972,-0.1131,6,5
2026-04-29 11:33:41,WBTC,ok,,2000,Odos,0.02597223,0.0153,KyberSwap,2000.0079,0.0146,-0.0551,-0.0028,Sushi,1997.9425,-0.1057,6,5
2026-04-29 11:33:42,AAVE,ok,,2000,Odos,20.56302942448118,0.0459,KyberSwap,1987.8093,0.0721,-12.2917,-0.6146,Sushi,1986.2295,-0.6924,6,5
2026-04-29 11:33:55,UNI,ok,,2000,Odos,605.7236328363484,0.2445,Sushi,1974.0842,0.1737,-26.0374,-1.3019,KyberSwap,1973.5252,-1.3314,6,5
2026-04-29 11:33:55,CRV,ok,,2000,Odos,8449.089042058473,1.2631,KyberSwap,1915.0291,0.9639,-85.1241,-4.2562,0x/Matcha,1913.0361,-4.3543,6,5
2026-04-29 11:33:56,LINK,ok,,2000,Odos,214.3653152915845,0.0448,KyberSwap,1993.2819,0.0677,-6.7987,-0.3399,Sushi,1991.723,-0.4162,6,5
2026-04-29 11:34:02,SUSHI,skipped,high_buy_slippage,2000,Odos,8258.514900093935,8.0899,,,,,,,,,6,
2026-04-29 11:34:08,BAL,skipped,high_buy_slippage,2000,KyberSwap,12801.249063611805,2.3429,,,,,,,,,5,
2026-04-29 11:34:09,WMATIC,ok,,2000,Odos,21533.076586324034,0.0222,KyberSwap,1997.5322,0.0059,-2.5322,-0.1266,Sushi,1997.0741,-0.1489,6,5
2026-04-29 11:34:09,DAI,ok,,2000,KyberSwap,1999.9192018639517,0.0001,Odos,1999.9509,-0.0,-0.0612,-0.0031,Sushi,1999.6592,-0.0172,6,5
2026-04-29 11:34:12,GRT,skipped,high_buy_slippage,2000,KyberSwap,73602.1322690668,5.5292,,,,,,,,,5,
2026-04-29 11:34:14,SNX,skipped,high_buy_slippage,2000,KyberSwap,5703.029601738922,6.0975,,,,,,,,,5,
2026-04-29 11:34:22,stMATIC,ok,,2000,Odos,18732.212702727673,0.1522,KyberSwap,1975.894,0.1237,-24.2227,-1.2111,0x/Matcha,1973.026,-1.3529,6,5
2026-04-29 11:34:24,LDO,ok,,2000,Odos,5083.009740480554,0.3264,KyberSwap,1971.0304,0.2166,-29.0638,-1.4532,Sushi,1968.841,-1.5611,6,5
2026-04-29 11:34:26,FRAX,skipped,sell_slippage_filtered_all,2000,Odos,2015.023057459536,0.2116,,,,,,,,,6,5
2026-04-29 11:34:28,DPI,skipped,high_buy_slippage,2000,KyberSwap,20.126679778744286,37.8645,,,,,,,,,5,
2026-04-29 11:34:32,GHST,skipped,no_buy_quotes,2000,,,,,,,,,,,,0,
2026-04-29 11:34:35,STG,skipped,high_buy_slippage,2000,0x/Matcha,2734.3379153766473,51.5563,,,,,,,,,6,
2026-04-29 11:34:35,QUICK,ok,,2000,Odos,169.48248354926017,0.8414,KyberSwap,1943.1191,0.5898,-57.0183,-2.8509,Sushi,1933.676,-3.3219,6,4
2026-04-29 11:34:37,COMP,skipped,no_buy_quotes,2000,,,,,,,,,,,,0,
2026-04-29 11:34:37,MKR,skipped,high_buy_slippage,2000,Odos,0.9052628574945223,5.2509,,,,,,,,,5,
2026-04-29 11:34:40,SUSHI.e,skipped,high_buy_slippage,2000,Odos,8258.535496074983,8.0934,,,,,,,,,6,
2026-04-29 11:34:41,WOO,skipped,high_buy_slippage,2000,Sushi,94996.47132484145,5.2804,,,,,,,,,6,
2026-04-29 11:35:02,WETH,ok,,2000,KyberSwap,0.8580612451098267,0.0041,Odos,1998.5625,0.0005,-1.4478,-0.0724,Sushi,1997.202,-0.1402,6,5
2026-04-29 11:35:03,AAVE,ok,,2000,KyberSwap,20.5511148336384,0.0376,Odos,1987.3716,0.0615,-12.7013,-0.6351,Sushi,1985.7579,-0.7125,6,5
2026-04-29 11:35:05,WBTC,ok,,2000,Odos,0.0259657,0.0095,KyberSwap,1998.0663,0.0004,-1.9963,-0.0998,Sushi,1997.2351,-0.141,6,5
2026-04-29 11:35:13,LINK,ok,,2000,Odos,214.35734722784625,0.0462,KyberSwap,1994.3998,0.0652,-5.6834,-0.2842,Sushi,1991.1602,-0.445,6,5
2026-04-29 11:35:17,SUSHI,skipped,high_buy_slippage,2000,Odos,8258.551643781959,8.093,,,,,,,,,6,
2026-04-29 11:35:18,UNI,ok,,2000,Odos,605.7243502044254,0.2423,KyberSwap,1974.3805,0.2024,-25.7824,-1.2891,Sushi,1973.8739,-1.3134,6,5
2026-04-29 11:35:22,CRV,ok,,2000,Odos,8442.607656641278,1.2618,KyberSwap,1915.4452,0.9557,-84.7147,-4.2357,0x/Matcha,1913.3557,-4.3389,6,5
2026-04-29 11:35:27,BAL,skipped,high_buy_slippage,2000,KyberSwap,12800.248690660172,2.3452,,,,,,,,,5,
2026-04-29 11:35:30,WMATIC,ok,,2000,Odos,21532.898848654524,0.022,KyberSwap,1997.6036,0.0093,-2.474,-0.1237,Sushi,1997.0679,-0.1492,6,5
2026-04-29 11:35:32,DAI,ok,,2000,KyberSwap,1999.9072636727221,0.0002,Odos,1999.9107,0.0027,-0.12,-0.006,Sushi,1999.6473,-0.0178,6,5
2026-04-29 11:35:33,GRT,skipped,high_buy_slippage,2000,KyberSwap,73593.50515158765,5.5229,,,,,,,,,5,
2026-04-29 11:35:35,SNX,skipped,high_buy_slippage,2000,KyberSwap,5702.2693308408925,6.0902,,,,,,,,,5,
2026-04-29 11:35:46,stMATIC,ok,,2000,Odos,18731.14699697972,0.1454,KyberSwap,1976.2877,0.1448,-23.8553,-1.1928,0x/Matcha,1973.6151,-1.3242,6,5
2026-04-29 11:35:46,LDO,ok,,2000,Odos,5082.08716870937,0.3317,KyberSwap,1972.2722,0.2136,-27.8464,-1.3923,0x/Matcha,1969.741,-1.5179,6,5
2026-04-29 11:35:49,GHST,skipped,no_buy_quotes,2000,,,,,,,,,,,,0,
2026-04-29 11:35:52,FRAX,skipped,sell_slippage_filtered_all,2000,Odos,2015.0135790618112,0.2109,,,,,,,,,6,5
2026-04-29 11:35:52,DPI,skipped,high_buy_slippage,2000,KyberSwap,20.12144192789384,37.8593,,,,,,,,,5,
2026-04-29 11:35:57,MKR,skipped,high_buy_slippage,2000,Odos,0.9046618216680591,5.2642,,,,,,,,,5,
2026-04-29 11:35:59,COMP,skipped,no_buy_quotes,2000,,,,,,,,,,,,0,
2026-04-29 11:35:59,QUICK,ok,,2000,Odos,169.44154308727963,0.8262,KyberSwap,1944.1394,0.5844,-56.0264,-2.8013,Sushi,1934.1304,-3.3006,6,4
2026-04-29 11:35:59,STG,skipped,high_buy_slippage,2000,KyberSwap,2711.0481452946833,50.2687,,,,,,,,,6,
2026-04-29 11:36:04,WOO,skipped,high_buy_slippage,2000,Sushi,94935.20739591739,5.274,,,,,,,,,6,
2026-04-29 11:36:04,SUSHI.e,skipped,high_buy_slippage,2000,Odos,8252.510922150579,8.0954,,,,,,,,,6,
2026-04-29 11:36:26,WBTC,ok,,2000,KyberSwap,0.02595153,0.0218,Odos,1998.3885,0.0005,-1.6433,-0.0822,Sushi,1996.8511,-0.1588,6,5
2026-04-29 11:36:30,WETH,ok,,2000,KyberSwap,0.8573319088668284,0.0167,Odos,1998.8557,0.0007,-1.1755,-0.0588,Sushi,1996.85,-0.1588,6,5
2026-04-29 11:36:32,AAVE,ok,,2000,Odos,20.544324844795725,0.0502,KyberSwap,1987.5944,0.0684,-12.4958,-0.6248,Sushi,1985.8115,-0.7129,6,5
2026-04-29 11:36:39,UNI,ok,,2000,Odos,605.2870917989317,0.2391,KyberSwap,1974.2816,0.1901,-25.8723,-1.2936,Sushi,1974.0535,-1.304,6,5
2026-04-29 11:36:44,SUSHI,skipped,high_buy_slippage,2000,Odos,8252.043218921386,8.1002,,,,,,,,,6,
2026-04-29 11:36:46,CRV,ok,,2000,Odos,8433.980625918122,1.2614,KyberSwap,1915.9697,0.9409,-84.174,-4.2087,0x/Matcha,1913.805,-4.3158,6,5
2026-04-29 11:36:46,LINK,ok,,2000,Odos,214.17392583489968,0.0475,KyberSwap,1994.2812,0.0428,-5.8393,-0.292,Sushi,1991.7773,-0.4159,6,5
2026-04-29 11:36:51,BAL,skipped,high_buy_slippage,2000,KyberSwap,12793.871045438133,2.341,,,,,,,,,5,
2026-04-29 11:36:57,WMATIC,ok,,2000,Odos,21515.832690508352,0.0227,KyberSwap,1998.43,0.0056,-1.6418,-0.0821,Sushi,1997.0,-0.1531,6,5
2026-04-29 11:36:57,GRT,skipped,high_buy_slippage,2000,KyberSwap,73546.17288441569,5.5233,,,,,,,,,5,
2026-04-29 11:37:03,SNX,skipped,high_buy_slippage,2000,KyberSwap,5698.328384215916,6.0928,,,,,,,,,5,
2026-04-29 11:37:03,DAI,ok,,2000,KyberSwap,1999.8967239511132,0.0001,Odos,1999.9222,-0.0002,-0.0967,-0.0048,Sushi,1999.6367,-0.0183,6,5
2026-04-29 11:37:10,stMATIC,ok,,2000,Odos,18717.40582424869,0.1467,KyberSwap,1976.6884,0.1231,-23.4278,-1.1714,0x/Matcha,1973.8148,-1.3144,6,5
2026-04-29 11:37:13,FRAX,skipped,sell_slippage_filtered_all,2000,Odos,2014.9645039693346,0.2118,,,,,,,,,6,5
2026-04-29 11:37:15,GHST,skipped,no_buy_quotes,2000,,,,,,,,,,,,0,
2026-04-29 11:37:18,LDO,ok,,2000,Odos,5079.496815426619,0.3299,KyberSwap,1970.8255,0.2183,-29.2698,-1.4635,Sushi,1968.8381,-1.5611,6,5
2026-04-29 11:37:18,DPI,skipped,high_buy_slippage,2000,KyberSwap,20.124149609902098,37.9263,,,,,,,,,5,
2026-04-29 11:37:21,QUICK,ok,,2000,Odos,169.40532254632274,0.8387,KyberSwap,1943.3899,0.5608,-56.8097,-2.8405,Sushi,1933.7014,-3.3233,6,4
2026-04-29 11:37:22,COMP,skipped,no_buy_quotes,2000,,,,,,,,,,,,0,
2026-04-29 11:37:22,MKR,skipped,high_buy_slippage,2000,Odos,0.9048976893174068,5.2335,,,,,,,,,5,
2026-04-29 11:37:26,STG,skipped,high_buy_slippage,2000,0x/Matcha,2745.2188597461536,51.3611,,,,,,,,,6,
2026-04-29 11:37:27,WOO,skipped,high_buy_slippage,2000,Sushi,94941.4334615231,5.2773,,,,,,,,,6,
2026-04-29 11:37:32,SUSHI.e,skipped,high_buy_slippage,2000,Odos,8253.94279594352,8.0893,,,,,,,,,6,
2026-04-29 11:37:56,WETH,ok,,2000,KyberSwap,0.8582582811706903,-0.015,Odos,1999.2258,0.0111,-0.8344,-0.0417,Sushi,1998.669,-0.0668,6,5
2026-04-29 11:37:58,AAVE,ok,,2000,KyberSwap,20.54632247037097,0.0341,Odos,1987.5794,0.0632,-12.5298,-0.6265,Sushi,1985.9426,-0.7035,6,5
2026-04-29 11:37:59,WBTC,ok,,2000,KyberSwap,0.02596351,-0.0026,Odos,1998.8056,0.0106,-1.2313,-0.0616,Sushi,1998.3244,-0.0841,6,5
2026-04-29 11:38:08,UNI,ok,,2000,Odos,605.4355649897251,0.2274,KyberSwap,1974.631,0.1692,-25.5125,-1.2756,Sushi,1974.1431,-1.2988,6,5
2026-04-29 11:38:13,LINK,ok,,2000,Odos,214.2041824750746,0.0393,KyberSwap,1994.6495,0.0142,-5.4306,-0.2715,Sushi,1991.6646,-0.4197,6,4
2026-04-29 11:38:14,SUSHI,skipped,high_buy_slippage,2000,Odos,8254.780521573894,8.0862,,,,,,,,,6,
2026-04-29 11:38:14,CRV,ok,,2000,Odos,8435.479422317601,1.251,KyberSwap,1915.7125,0.9352,-84.4143,-4.2207,0x/Matcha,1913.5354,-4.3284,6,5
2026-04-29 11:38:19,BAL,skipped,high_buy_slippage,2000,KyberSwap,12794.233075440674,2.3332,,,,,,,,,5,
2026-04-29 11:38:23,GRT,skipped,high_buy_slippage,2000,KyberSwap,73552.17784305011,5.5218,,,,,,,,,5,
2026-04-29 11:38:24,WMATIC,ok,,2000,KyberSwap,21516.091554478495,0.0145,Odos,1997.2096,0.0088,-2.8284,-0.1414,Sushi,1996.9767,-0.1518,6,5
2026-04-29 11:38:28,SNX,skipped,high_buy_slippage,2000,KyberSwap,5699.370981071559,6.0795,,,,,,,,,5,
2026-04-29 11:38:28,DAI,ok,,2000,KyberSwap,1999.8886627290801,0.0003,Odos,1999.9272,0.0001,-0.0867,-0.0043,Sushi,1999.6293,-0.0187,6,5
2026-04-29 11:38:36,stMATIC,ok,,2000,Odos,18717.944084304083,0.1444,KyberSwap,1975.5949,0.1257,-24.519,-1.2259,0x/Matcha,1972.6466,-1.3722,6,5
2026-04-29 11:38:42,LDO,ok,,2000,Odos,5080.223569640307,0.3229,KyberSwap,1971.0678,0.2091,-29.0245,-1.4512,Sushi,1968.7659,-1.5653,6,5
2026-04-29 11:38:46,QUICK,ok,,2000,Odos,169.41572278445065,0.8393,KyberSwap,1943.1712,0.58,-56.9911,-2.8496,Sushi,1933.6196,-3.3258,6,4
2026-04-29 11:38:46,FRAX,skipped,sell_slippage_filtered_all,2000,Odos,2014.9599345454074,0.2121,,,,,,,,,6,5
2026-04-29 11:38:50,GHST,skipped,no_buy_quotes,2000,,,,,,,,,,,,0,
2026-04-29 11:38:52,DPI,skipped,high_buy_slippage,2000,KyberSwap,20.162364476455608,38.4985,,,,,,,,,5,
2026-04-29 11:38:53,COMP,skipped,no_buy_quotes,2000,,,,,,,,,,,,0,
2026-04-29 11:38:54,STG,skipped,high_buy_slippage,2000,KyberSwap,2730.1927397488766,49.9174,,,,,,,,,6,
2026-04-29 11:38:57,MKR,skipped,high_buy_slippage,2000,Odos,0.905119121439884,5.2504,,,,,,,,,5,
2026-04-29 11:38:57,SUSHI.e,skipped,high_buy_slippage,2000,Odos,8254.87398832077,8.0962,,,,,,,,,6,
2026-04-29 11:38:58,WOO,skipped,high_buy_slippage,2000,Sushi,94945.7340101373,5.28,,,,,,,,,6,
2026-04-29 11:39:17,WBTC,ok,,2000,KyberSwap,0.02595954,0.0025,Odos,1998.4993,0.0106,-1.5392,-0.077,Sushi,1998.0184,-0.0994,6,4
2026-04-29 11:39:20,AAVE,ok,,2000,Odos,20.431352101569008,0.0508,KyberSwap,1987.2394,0.0584,-12.8623,-0.6431,Sushi,1986.1341,-0.6974,6,5
2026-04-29 11:39:23,WETH,ok,,2000,KyberSwap,0.8579506589932216,0.0009,Odos,1998.7582,0.0017,-1.2595,-0.063,Sushi,1998.033,-0.0985,6,5
2026-04-29 11:39:30,LINK,ok,,2000,Odos,214.17135279832115,0.041,KyberSwap,1994.5794,0.024,-5.4809,-0.274,Sushi,1991.9267,-0.4057,6,5
2026-04-29 11:39:32,UNI,ok,,2000,Odos,605.2592133458069,0.2347,Sushi,1974.659,0.1647,-25.4494,-1.2725,KyberSwap,1973.4939,-1.332,6,5
2026-04-29 11:39:35,SUSHI,skipped,high_buy_slippage,2000,Odos,8254.445644012827,8.1016,,,,,,,,,6,
2026-04-29 11:39:36,CRV,ok,,2000,Odos,8434.980917007633,1.2508,KyberSwap,1915.5523,0.9443,-84.5806,-4.229,0x/Matcha,1913.5454,-4.328,6,5
2026-04-29 11:39:41,BAL,skipped,high_buy_slippage,2000,KyberSwap,12596.948339405124,2.2582,,,,,,,,,5,
2026-04-29 11:39:44,WMATIC,ok,,2000,Odos,21516.351782465623,0.0184,KyberSwap,1997.2517,-0.0291,-2.8356,-0.1418,Sushi,1997.0726,-0.1497,6,5
2026-04-29 11:39:45,GRT,skipped,high_buy_slippage,2000,KyberSwap,73602.53801686568,5.5064,,,,,,,,,5,
2026-04-29 11:39:49,DAI,ok,,2000,KyberSwap,1999.8842616766028,0.0002,Odos,1999.9226,0.0001,-0.0931,-0.0047,Sushi,1999.625,-0.0189,6,5
2026-04-29 11:39:49,SNX,skipped,high_buy_slippage,2000,KyberSwap,5704.601802638842,6.0713,,,,,,,,,5,
2026-04-29 11:39:56,stMATIC,ok,,2000,Odos,18729.664400831134,0.139,KyberSwap,1974.8691,0.1234,-25.2371,-1.2619,0x/Matcha,1969.7509,-1.5166,6,5
2026-04-29 11:40:01,LDO,ok,,2000,Odos,5082.93461753187,0.3377,KyberSwap,1971.2853,0.207,-28.8076,-1.4404,Sushi,1969.1575,-1.5455,6,5
2026-04-29 11:40:02,FRAX,skipped,sell_slippage_filtered_all,2000,Odos,2014.996440347914,0.2137,,,,,,,,,6,5
2026-04-29 11:40:02,GHST,skipped,no_buy_quotes,2000,,,,,,,,,,,,0,
2026-04-29 11:40:05,DPI,skipped,high_buy_slippage,2000,KyberSwap,20.163655462836882,37.8279,,,,,,,,,5,
2026-04-29 11:40:07,QUICK,ok,,2000,Odos,169.48091489815909,0.8331,KyberSwap,1943.1249,0.5956,-57.1724,-2.8586,Sushi,1933.7689,-3.3246,6,4
2026-04-29 11:40:09,COMP,skipped,no_buy_quotes,2000,,,,,,,,,,,,0,
2026-04-29 11:40:09,STG,skipped,high_buy_slippage,2000,0x/Matcha,2742.6890390950894,51.344,,,,,,,,,6,
2026-04-29 11:40:09,MKR,skipped,high_buy_slippage,2000,Odos,0.9053673691560281,5.2398,,,,,,,,,5,
2026-04-29 11:40:13,WOO,skipped,high_buy_slippage,2000,Sushi,94977.72297830132,5.2787,,,,,,,,,6,
2026-04-29 11:40:13,SUSHI.e,skipped,high_buy_slippage,2000,Odos,8259.769565420547,8.0997,,,,,,,,,6,
2026-04-29 11:40:36,WETH,ok,,2000,KyberSwap,0.8581329249334848,0.0023,Odos,1998.1932,0.0106,-1.915,-0.0957,Sushi,1997.8223,-0.1097,6,5
2026-04-29 11:40:36,WBTC,ok,,2000,Odos,0.02595763,0.0019,KyberSwap,1998.4019,0.0358,-1.6504,-0.0825,Sushi,1997.8705,-0.1084,6,5
2026-04-29 11:40:37,AAVE,ok,,2000,KyberSwap,20.439846857018143,0.0735,Odos,1987.5159,0.0343,-12.6791,-0.634,Sushi,1986.8765,-0.6569,6,5
2026-04-29 11:40:50,UNI,ok,,2000,Odos,605.7265582965952,0.24,Sushi,1974.4209,0.1738,-25.7686,-1.2884,KyberSwap,1972.9252,-1.3666,6,5
2026-04-29 11:40:51,LINK,ok,,2000,Odos,214.1637132235469,0.041,KyberSwap,1993.5735,0.0666,-6.5787,-0.3289,Sushi,1991.7668,-0.4173,6,5
2026-04-29 11:40:52,CRV,ok,,2000,Odos,8443.842468011639,1.2448,KyberSwap,1915.201,0.957,-85.0915,-4.2546,0x/Matcha,1913.2858,-4.3471,6,5
2026-04-29 11:40:55,SUSHI,skipped,high_buy_slippage,2000,Odos,8260.981291765785,8.0938,,,,,,,,,6,
2026-04-29 11:40:59,BAL,skipped,high_buy_slippage,2000,KyberSwap,12606.240920432509,2.3963,,,,,,,,,5,
2026-04-29 11:41:03,GRT,skipped,high_buy_slippage,2000,KyberSwap,73663.14246130413,5.6521,,,,,,,,,5,
2026-04-29 11:41:03,WMATIC,ok,,2000,KyberSwap,21555.38010534965,0.0415,Odos,1997.6459,0.0128,-2.4339,-0.1217,Sushi,1996.5574,-0.1724,6,5
2026-04-29 11:41:05,DAI,ok,,2000,KyberSwap,1999.8804436138737,0.0003,Odos,1999.9632,-0.0001,-0.0531,-0.0027,Sushi,1999.622,-0.0191,6,5
2026-04-29 11:41:07,SNX,skipped,high_buy_slippage,2000,KyberSwap,5709.467356399117,6.3307,,,,,,,,,5,
2026-04-29 11:41:16,LDO,ok,,2000,KyberSwap,5085.198409775178,0.3309,Odos,1971.8437,0.2295,-28.2871,-1.4144,Sushi,1969.6678,-1.5173,6,5
2026-04-29 11:41:17,stMATIC,ok,,2000,Odos,18754.99558068899,0.1257,KyberSwap,1976.4708,0.1293,-23.6343,-1.1817,0x/Matcha,1970.7694,-1.465,6,5
2026-04-29 11:41:19,GHST,skipped,no_buy_quotes,2000,,,,,,,,,,,,0,
2026-04-29 11:41:22,DPI,skipped,high_buy_slippage,2000,KyberSwap,20.190717428296118,38.3263,,,,,,,,,5,
2026-04-29 11:41:24,FRAX,skipped,sell_slippage_filtered_all,2000,Odos,2015.132395769461,0.2139,,,,,,,,,6,5
2026-04-29 11:41:28,QUICK,ok,,2000,Odos,169.5219307834169,0.8383,KyberSwap,1943.3294,0.6005,-56.8212,-2.8411,Sushi,1933.7856,-3.3169,6,4
2026-04-29 11:41:28,STG,skipped,high_buy_slippage,2000,KyberSwap,2727.6170923458053,50.6396,,,,,,,,,6,
2026-04-29 11:41:29,MKR,skipped,high_buy_slippage,2000,Odos,0.9054115837675714,5.2348,,,,,,,,,5,
2026-04-29 11:41:30,COMP,skipped,no_buy_quotes,2000,,,,,,,,,,,,0,
2026-04-29 11:41:33,WOO,skipped,high_buy_slippage,2000,Sushi,94992.74501135282,5.2858,,,,,,,,,6,
2026-04-29 11:41:34,SUSHI.e,skipped,high_buy_slippage,2000,Odos,8262.55854181283,8.0964,,,,,,,,,6,
2026-04-29 11:41:54,AAVE,ok,,2000,KyberSwap,20.449749149315057,0.1311,Odos,1988.2115,0.0317,-11.8528,-0.5926,Sushi,1987.8395,-0.6085,6,5
2026-04-29 11:41:56,WBTC,ok,,2000,KyberSwap,0.02595782,0.0039,Odos,1998.3375,0.0106,-1.7015,-0.0851,Sushi,1997.8849,-0.1061,6,5
2026-04-29 11:41:58,WETH,ok,,2000,Odos,0.8581222533097344,0.0024,KyberSwap,1998.6816,0.0015,-1.3432,-0.0672,Sushi,1997.5187,-0.125,6,5
2026-04-29 11:42:05,UNI,ok,,2000,Odos,605.6529896927899,0.2254,Sushi,1974.5327,0.1572,-25.5838,-1.2792,KyberSwap,1973.5863,-1.3279,6,5
2026-04-29 11:42:08,LINK,ok,,2000,Odos,214.1472024195641,0.0398,KyberSwap,1994.3806,0.0554,-5.6975,-0.2849,Sushi,1991.4217,-0.4318,6,5
2026-04-29 11:42:10,SUSHI,skipped,high_buy_slippage,2000,Odos,8263.148605003813,8.106,,,,,,,,,6,
2026-04-29 11:42:11,CRV,ok,,2000,Odos,8449.94687457362,1.2563,KyberSwap,1915.2332,0.9589,-84.9268,-4.2463,0x/Matcha,1913.1759,-4.3474,6,5
2026-04-29 11:42:17,WMATIC,ok,,2000,Sushi,21585.252053201526,0.0178,Odos,1997.9666,0.0062,-2.1712,-0.1086,KyberSwap,1997.7141,-0.1159,6,5
2026-04-29 11:42:17,BAL,skipped,high_buy_slippage,2000,KyberSwap,12348.375702807547,2.356,,,,,,,,,5,
2026-04-29 11:42:22,GRT,skipped,high_buy_slippage,2000,KyberSwap,73701.2390173593,5.6606,,,,,,,,,5,
2026-04-29 11:42:22,SNX,skipped,high_buy_slippage,2000,KyberSwap,5715.920709666932,6.3064,,,,,,,,,5,
2026-04-29 11:42:26,DAI,ok,,2000,KyberSwap,1999.8744652487637,0.0001,Odos,1999.9565,0.0004,-0.0591,-0.003,Sushi,1999.617,-0.0193,6,5
2026-04-29 11:42:33,LDO,ok,,2000,Odos,5085.897021865927,0.3375,KyberSwap,1972.0408,0.2108,-28.0561,-1.4028,Sushi,1969.4803,-1.5295,6,5
2026-04-29 11:42:36,stMATIC,ok,,2000,Odos,18776.07755128963,0.122,KyberSwap,1976.3328,0.165,-23.7823,-1.1891,0x/Matcha,1973.4853,-1.3288,6,5
2026-04-29 11:42:36,FRAX,skipped,sell_slippage_filtered_all,2000,Odos,2015.2916263742338,0.2217,,,,,,,,,6,5
2026-04-29 11:42:38,GHST,skipped,no_buy_quotes,2000,,,,,,,,,,,,0,
2026-04-29 11:42:40,DPI,skipped,high_buy_slippage,2000,KyberSwap,20.163411301591047,38.1942,,,,,,,,,5,
2026-04-29 11:42:43,QUICK,ok,,2000,Odos,169.53205934170245,0.8447,KyberSwap,1943.5182,0.5874,-56.6308,-2.8315,Sushi,1933.3647,-3.3378,6,4
2026-04-29 11:42:45,COMP,skipped,no_buy_quotes,2000,,,,,,,,,,,,0,
2026-04-29 11:42:45,MKR,skipped,high_buy_slippage,2000,Odos,0.9054046098494559,5.2363,,,,,,,,,5,
2026-04-29 11:42:46,STG,skipped,high_buy_slippage,2000,0x/Matcha,2737.7880379493226,51.4305,,,,,,,,,6,
2026-04-29 11:42:49,WOO,skipped,high_buy_slippage,2000,Sushi,94993.12184226545,5.2847,,,,,,,,,6,
2026-04-29 11:42:51,SUSHI.e,skipped,high_buy_slippage,2000,Odos,8263.251967431248,8.107,,,,,,,,,6,
2026-04-29 11:43:13,AAVE,ok,,2000,KyberSwap,20.464611983236907,0.1493,Odos,1988.5729,0.0255,-11.4828,-0.5741,Sushi,1988.2499,-0.5879,6,5
2026-04-29 11:43:14,WETH,ok,,2000,KyberSwap,0.8581456896079286,0.0035,Odos,1998.6894,0.0004,-1.3294,-0.0665,Sushi,1997.5208,-0.1247,6,5
2026-04-29 11:43:18,WBTC,ok,,2000,KyberSwap,0.02595821,0.0106,Odos,1998.3581,0.0108,-1.6918,-0.0846,Sushi,1997.8612,-0.1074,6,5
2026-04-29 11:43:26,UNI,ok,,2000,Odos,605.8691925807815,0.2368,Sushi,1974.548,0.1664,-25.5446,-1.2772,KyberSwap,1973.8095,-1.3157,6,5
2026-04-29 11:43:28,LINK,ok,,2000,Odos,214.15933803552136,0.039,KyberSwap,1994.0409,0.0686,-6.0425,-0.3021,Sushi,1991.2921,-0.4383,6,5
2026-04-29 11:43:31,CRV,ok,,2000,Odos,8454.793848753407,1.2645,KyberSwap,1916.1649,0.9599,-84.0185,-4.2009,0x/Matcha,1914.0646,-4.3047,6,5
2026-04-29 11:43:33,SUSHI,skipped,high_buy_slippage,2000,Odos,8263.246472994224,8.1068,,,,,,,,,6,
2026-04-29 11:43:39,BAL,skipped,high_buy_slippage,2000,KyberSwap,12349.865029696397,2.3523,,,,,,,,,5,
2026-04-29 11:43:40,WMATIC,ok,,2000,KyberSwap,21586.70029740714,0.0111,Odos,1997.9548,0.0068,-2.1163,-0.1058,Sushi,1996.6528,-0.1678,6,5
2026-04-29 11:43:42,GRT,skipped,high_buy_slippage,2000,KyberSwap,73711.76879371572,5.6621,,,,,,,,,5,
2026-04-29 11:43:44,DAI,ok,,2000,Odos,1999.9199587362689,0.0021,KyberSwap,1999.9228,0.0002,-0.0964,-0.0048,Sushi,1999.6597,-0.0177,6,5
2026-04-29 11:43:45,SNX,skipped,high_buy_slippage,2000,KyberSwap,5715.986282972804,6.3244,,,,,,,,,5,
2026-04-29 11:43:54,stMATIC,ok,,2000,Odos,18780.336687431805,0.123,KyberSwap,1976.8907,0.1566,-23.1947,-1.1597,0x/Matcha,1974.1743,-1.2945,6,5
2026-04-29 11:43:54,LDO,ok,,2000,KyberSwap,5086.239207027608,0.3434,Odos,1971.9864,0.2108,-28.1219,-1.4061,Sushi,1969.5692,-1.5224,6,5
2026-04-29 11:43:58,FRAX,skipped,sell_slippage_filtered_all,2000,Odos,2015.3413961559609,0.2247,,,,,,,,,6,5
2026-04-29 11:44:01,DPI,skipped,high_buy_slippage,2000,KyberSwap,20.16338204823152,38.1898,,,,,,,,,5,
2026-04-29 11:44:03,GHST,skipped,no_buy_quotes,2000,,,,,,,,,,,,0,
2026-04-29 11:44:04,QUICK,ok,,2000,Odos,169.55231119988355,0.8457,KyberSwap,1943.634,0.5958,-56.4973,-2.8249,Sushi,1933.5632,-3.3272,6,4
2026-04-29 11:44:06,COMP,skipped,no_buy_quotes,2000,,,,,,,,,,,,0,
2026-04-29 11:44:08,MKR,skipped,high_buy_slippage,2000,Odos,0.9051403498219832,5.2558,,,,,,,,,5,
2026-04-29 11:44:09,STG,skipped,high_buy_slippage,2000,0x/Matcha,2741.542781306945,51.3638,,,,,,,,,6,
2026-04-29 11:44:13,WOO,skipped,high_buy_slippage,2000,Sushi,94991.7207822911,5.2809,,,,,,,,,6,
2026-04-29 11:44:14,SUSHI.e,skipped,high_buy_slippage,2000,Odos,8262.296358550688,8.1119,,,,,,,,,6,
2026-04-29 11:44:36,WETH,ok,,2000,KyberSwap,0.8579402105027287,0.0156,Odos,1998.565,0.0007,-1.4659,-0.0733,Sushi,1997.0406,-0.149,6,5
2026-04-29 11:44:36,AAVE,ok,,2000,KyberSwap,20.4645758698927,0.1598,Odos,1988.6689,0.0241,-11.382,-0.5691,Sushi,1988.2463,-0.5881,6,5
2026-04-29 11:44:37,WBTC,ok,,2000,Odos,0.0259541,0.0025,KyberSwap,1999.377,-0.0489,-0.6395,-0.032,Sushi,1997.5448,-0.1233,6,5
2026-04-29 11:44:48,LINK,ok,,2000,Odos,214.17287930151332,0.0469,KyberSwap,1993.7239,0.0576,-6.3899,-0.3195,0x/Matcha,1991.3185,-0.4383,6,5
2026-04-29 11:44:48,UNI,ok,,2000,Odos,605.936746457807,0.2417,Sushi,1974.6366,0.172,-25.507,-1.2753,KyberSwap,1974.3169,-1.2929,6,5
2026-04-29 11:44:52,CRV,ok,,2000,Odos,8456.311430011254,1.2698,KyberSwap,1916.2365,0.9652,-83.9336,-4.1967,0x/Matcha,1914.5039,-4.2818,6,5
2026-04-29 11:44:54,SUSHI,skipped,high_buy_slippage,2000,Odos,8263.268817518025,8.1074,,,,,,,,,6,
2026-04-29 11:44:59,WMATIC,ok,,2000,KyberSwap,21592.885049165878,0.0133,Odos,1998.1547,0.02,-1.9988,-0.0999,Sushi,1997.1761,-0.1417,6,5
2026-04-29 11:45:02,BAL,skipped,high_buy_slippage,2000,KyberSwap,12349.27500483209,2.3574,,,,,,,,,5,
2026-04-29 11:45:03,GRT,skipped,high_buy_slippage,2000,KyberSwap,73706.71063121814,5.6661,,,,,,,,,5,
2026-04-29 11:45:04,DAI,ok,,2000,Odos,2000.0215174862694,0.0006,KyberSwap,1999.9508,0.0008,-0.0684,-0.0034,Sushi,1999.7569,-0.0128,6,5
2026-04-29 11:45:06,SNX,skipped,high_buy_slippage,2000,KyberSwap,5716.014644659148,6.3241,,,,,,,,,5,
2026-04-29 11:45:14,LDO,ok,,2000,Odos,5085.354171545274,0.3347,KyberSwap,1971.4646,0.2029,-28.6188,-1.4309,Sushi,1969.146,-1.5456,6,5
2026-04-29 11:45:15,stMATIC,ok,,2000,Odos,18781.700053099554,0.1158,KyberSwap,1976.5624,0.1714,-23.5351,-1.1768,0x/Matcha,1973.9546,-1.3054,6,5
2026-04-29 11:45:17,GHST,skipped,no_buy_quotes,2000,,,,,,,,,,,,0,
2026-04-29 11:45:18,FRAX,skipped,sell_slippage_filtered_all,2000,Odos,2015.3418413690042,0.2247,,,,,,,,,6,5
2026-04-29 11:45:19,DPI,skipped,high_buy_slippage,2000,KyberSwap,20.159296835904197,38.4111,,,,,,,,,5,
2026-04-29 11:45:23,MKR,skipped,high_buy_slippage,2000,Odos,0.9051372926330925,5.2526,,,,,,,,,5,
2026-04-29 11:45:25,COMP,skipped,no_buy_quotes,2000,,,,,,,,,,,,0,
2026-04-29 11:45:25,STG,skipped,high_buy_slippage,2000,0x/Matcha,2730.012713458037,51.5689,,,,,,,,,6,
2026-04-29 11:45:29,WOO,skipped,high_buy_slippage,2000,Sushi,94994.08625313746,5.2835,,,,,,,,,6,
2026-04-29 11:45:31,SUSHI.e,skipped,high_buy_slippage,2000,Odos,8263.139913733601,8.1072,,,,,,,,,6,
2026-04-29 11:45:34,QUICK,ok,,2000,Odos,169.55329011264962,0.8507,KyberSwap,1944.1542,0.5797,-56.0698,-2.8035,Sushi,1933.5815,-3.3306,6,4
2026-04-29 11:45:56,WBTC,ok,,2000,KyberSwap,0.02595417,0.003,Odos,1999.0158,0.0007,-0.9985,-0.0499,Sushi,1997.5474,-0.1229,6,5
2026-04-29 11:45:57,WETH,ok,,2000,Odos,0.8577287944078338,0.0176,KyberSwap,2000.2902,-0.0473,0.1866,0.0093,Sushi,1997.1792,-0.1458,6,5
2026-04-29 11:46:00,AAVE,ok,,2000,Odos,20.4505497203145,0.1221,KyberSwap,1987.9589,0.0379,-12.1792,-0.609,Sushi,1986.8975,-0.6611,6,5
2026-04-29 11:46:11,LINK,ok,,2000,Odos,214.16319956219414,0.0421,KyberSwap,1995.3035,0.0538,-4.7929,-0.2396,Sushi,1991.3454,-0.4363,6,5
2026-04-29 11:46:13,UNI,ok,,2000,Odos,605.8383851848258,0.2363,KyberSwap,1974.8375,0.2004,-25.3001,-1.265,Sushi,1974.708,-1.2701,6,5
2026-04-29 11:46:17,CRV,ok,,2000,Odos,8453.896427213444,1.2512,KyberSwap,1916.5066,0.9698,-83.6256,-4.1813,0x/Matcha,1914.3042,-4.2899,6,5
2026-04-29 11:46:19,SUSHI,skipped,high_buy_slippage,2000,Odos,8258.986950255858,8.1092,,,,,,,,,6,
2026-04-29 11:46:23,WMATIC,ok,,2000,KyberSwap,21581.81162253703,0.0147,Odos,1997.5419,0.0093,-2.5829,-0.1291,Sushi,1996.9254,-0.1545,6,5
2026-04-29 11:46:25,BAL,skipped,high_buy_slippage,2000,KyberSwap,12344.277374325122,2.3566,,,,,,,,,5,
2026-04-29 11:46:30,GRT,skipped,high_buy_slippage,2000,KyberSwap,73669.09720995076,5.6546,,,,,,,,,5,
2026-04-29 11:46:30,SNX,skipped,high_buy_slippage,2000,KyberSwap,5711.234278499949,6.3423,,,,,,,,,5,
2026-04-29 11:46:34,DAI,ok,,2000,KyberSwap,1999.941395509692,0.0014,Odos,1999.9062,-0.0003,-0.1088,-0.0054,Sushi,1999.6768,-0.0164,6,5
2026-04-29 11:46:40,LDO,ok,,2000,Odos,5082.0723759710545,0.3451,KyberSwap,1972.0763,0.2132,-28.0373,-1.4019,0x/Matcha,1968.9821,-1.5553,6,5
2026-04-29 11:46:46,stMATIC,ok,,2000,Odos,18769.690470292855,0.1208,KyberSwap,1976.1987,0.1467,-23.9063,-1.1953,0x/Matcha,1973.5452,-1.3263,6,5
2026-04-29 11:46:48,GHST,skipped,no_buy_quotes,2000,,,,,,,,,,,,0,
2026-04-29 11:46:48,FRAX,skipped,sell_slippage_filtered_all,2000,Odos,2015.2526734484252,0.2202,,,,,,,,,6,5
2026-04-29 11:46:51,DPI,skipped,high_buy_slippage,2000,KyberSwap,20.11911440258404,38.2168,,,,,,,,,5,
2026-04-29 11:46:53,QUICK,ok,,2000,Odos,169.47505107103282,0.8508,KyberSwap,1944.3153,0.5926,-55.8544,-2.7927,Sushi,1933.3308,-3.3407,6,4
2026-04-29 11:46:55,COMP,skipped,no_buy_quotes,2000,,,,,,,,,,,,0,
2026-04-29 11:46:55,STG,skipped,high_buy_slippage,2000,0x/Matcha,2736.7365582540006,51.4583,,,,,,,,,6,
2026-04-29 11:46:56,MKR,skipped,high_buy_slippage,2000,Odos,0.9046252078421464,5.2535,,,,,,,,,5,
2026-04-29 11:47:00,SUSHI.e,skipped,high_buy_slippage,2000,Odos,8257.617143943966,8.1079,,,,,,,,,6,
2026-04-29 11:47:00,WOO,skipped,high_buy_slippage,2000,Sushi,94901.02995466022,5.2737,,,,,,,,,6,
2026-04-29 11:47:21,WBTC,ok,,2000,Odos,0.02592328,0.029,KyberSwap,1999.9158,0.0154,-0.1362,-0.0068,Sushi,1997.571,-0.1237,6,5
2026-04-29 11:47:23,AAVE,ok,,2000,KyberSwap,20.443625487222285,0.0665,Odos,1988.1419,0.0442,-11.9464,-0.5973,Sushi,1986.4567,-0.6782,6,5
2026-04-29 11:47:26,WETH,ok,,2000,Odos,0.8567411358102753,0.0151,KyberSwap,2000.243,0.0345,0.0869,0.0043,Sushi,1997.6989,-0.1225,6,5
2026-04-29 11:47:30,LINK,ok,,2000,Odos,214.11643413674867,0.0562,KyberSwap,1995.2847,0.0537,-4.8686,-0.2434,Sushi,1993.3385,-0.3396,6,4
2026-04-29 11:47:31,UNI,ok,,2000,Odos,605.093805977529,0.2529,KyberSwap,1975.0954,0.1643,-25.0823,-1.2541,Sushi,1974.529,-1.2814,6,5
2026-04-29 11:47:35,SUSHI,skipped,high_buy_slippage,2000,Odos,8249.82325247049,8.1195,,,,,,,,,6,
2026-04-29 11:47:42,CRV,ok,,2000,Odos,8446.369797362393,1.2744,KyberSwap,1916.1084,0.97,-84.0968,-4.2048,0x/Matcha,1914.3641,-4.2906,6,5
2026-04-29 11:47:44,WMATIC,ok,,2000,KyberSwap,21574.342957205336,0.0187,Odos,1997.9136,0.0253,-2.1607,-0.108,Sushi,1997.2537,-0.1379,6,5
2026-04-29 11:47:47,DAI,ok,,2000,KyberSwap,1999.9125966785796,0.0072,Odos,1999.8942,0.0003,-0.1236,-0.0062,Sushi,1999.6534,-0.0177,6,5
2026-04-29 11:47:48,GRT,skipped,high_buy_slippage,2000,KyberSwap,73624.45228194207,5.6694,,,,,,,,,5,
2026-04-29 11:47:48,BAL,skipped,high_buy_slippage,2000,KyberSwap,12339.012710582952,2.3598,,,,,,,,,5,
2026-04-29 11:47:53,SNX,skipped,high_buy_slippage,2000,KyberSwap,5710.624876408507,6.3207,,,,,,,,,5,
2026-04-29 11:48:03,LDO,ok,,2000,Odos,5077.425728605069,0.3684,KyberSwap,1971.7018,0.2341,-28.4235,-1.4212,Sushi,1969.4494,-1.5324,6,5
2026-04-29 11:48:03,FRAX,skipped,sell_slippage_filtered_all,2000,Odos,2015.2183953716174,0.2178,,,,,,,,,6,5
2026-04-29 11:48:05,GHST,skipped,no_buy_quotes,2000,,,,,,,,,,,,0,
2026-04-29 11:48:06,stMATIC,ok,,2000,Odos,18766.21468085659,0.123,KyberSwap,1976.5665,0.1459,-23.5829,-1.1791,0x/Matcha,1973.8048,-1.3152,6,5
2026-04-29 11:48:08,DPI,skipped,high_buy_slippage,2000,KyberSwap,20.113661357020817,38.4951,,,,,,,,,5,
2026-04-29 11:48:12,STG,skipped,high_buy_slippage,2000,0x/Matcha,2740.1029785439705,49.1516,,,,,,,,,6,
2026-04-29 11:48:14,COMP,skipped,no_buy_quotes,2000,,,,,,,,,,,,0,
2026-04-29 11:48:14,QUICK,ok,,2000,Odos,169.39003289562146,0.8492,KyberSwap,1944.3933,0.5903,-55.7591,-2.788,Sushi,1933.4057,-3.3362,6,4
2026-04-29 11:48:15,MKR,skipped,high_buy_slippage,2000,Odos,0.9040178651764497,5.2376,,,,,,,,,5,
2026-04-29 11:48:19,WOO,skipped,high_buy_slippage,2000,Sushi,94836.34028455896,5.2631,,,,,,,,,6,
2026-04-29 11:48:20,SUSHI.e,skipped,high_buy_slippage,2000,Odos,8250.914305933486,8.1093,,,,,,,,,6,
2026-04-29 11:48:42,WBTC,ok,,2000,Odos,0.02591758,0.0086,KyberSwap,1999.2603,0.0123,-0.7586,-0.0379,Sushi,1997.1333,-0.144,6,5
2026-04-29 11:48:42,AAVE,ok,,2000,KyberSwap,20.445770689642757,0.04,Odos,1989.1639,0.0599,-10.8906,-0.5445,Sushi,1987.1103,-0.6451,6,5
2026-04-29 11:48:45,WETH,ok,,2000,Odos,0.8563400426542951,0.0135,KyberSwap,1999.1105,-0.0016,-0.9784,-0.0489,Sushi,1996.9358,-0.1573,6,5
2026-04-29 11:48:56,UNI,ok,,2000,Odos,604.9314049042009,0.2088,KyberSwap,1975.7653,0.2089,-24.4227,-1.2211,Sushi,1975.5599,-1.2301,6,5
2026-04-29 11:48:57,LINK,ok,,2000,Sushi,214.08297393991532,0.0063,KyberSwap,1996.901,0.0537,-3.1203,-0.156,Odos,1995.3564,-0.2348,6,5
2026-04-29 11:49:00,SUSHI,skipped,high_buy_slippage,2000,Odos,8247.26303129056,8.1115,,,,,,,,,6,
2026-04-29 11:49:03,CRV,ok,,2000,Odos,8444.700780187815,1.2648,KyberSwap,1916.5496,0.9609,-83.6899,-4.1845,0x/Matcha,1915.1929,-4.2506,6,5
2026-04-29 11:49:10,BAL,skipped,high_buy_slippage,2000,KyberSwap,12333.032214168015,2.3128,,,,,,,,,5,
2026-04-29 11:49:11,DAI,ok,,2000,KyberSwap,1999.9186563288165,0.0022,Odos,1999.9157,-0.0002,-0.104,-0.0052,Sushi,1999.6595,-0.0174,6,5
2026-04-29 11:49:14,WMATIC,ok,,2000,Odos,21563.11929843313,0.0176,KyberSwap,1998.716,0.0148,-1.3236,-0.0662,Sushi,1997.0168,-0.1502,6,5
2026-04-29 11:49:14,GRT,skipped,high_buy_slippage,2000,KyberSwap,73578.29581891162,5.6744,,,,,,,,,5,
2026-04-29 11:49:16,SNX,skipped,high_buy_slippage,2000,KyberSwap,5707.388842062193,6.3279,,,,,,,,,5,
2026-04-29 11:49:24,stMATIC,ok,,2000,Odos,18755.82889497395,0.1179,KyberSwap,1976.43,0.1683,-23.6733,-1.1837,0x/Matcha,1973.7649,-1.3152,6,5
2026-04-29 11:49:28,LDO,ok,,2000,Odos,5073.62885172833,0.3659,KyberSwap,1972.6767,0.1795,-27.5033,-1.3752,Sushi,1970.3399,-1.4908,6,5
2026-04-29 11:49:29,FRAX,skipped,sell_slippage_filtered_all,2000,Odos,2015.1610505312033,0.2147,,,,,,,,,6,5
2026-04-29 11:49:30,GHST,skipped,no_buy_quotes,2000,,,,,,,,,,,,0,
2026-04-29 11:49:33,DPI,skipped,high_buy_slippage,2000,KyberSwap,20.105093367282322,38.1875,,,,,,,,,5,
2026-04-29 11:49:37,STG,skipped,high_buy_slippage,2000,0x/Matcha,2738.8136922926087,49.1755,,,,,,,,,6,
2026-04-29 11:49:37,MKR,skipped,high_buy_slippage,2000,Odos,0.9029546869390608,5.2408,,,,,,,,,5,
2026-04-29 11:49:40,COMP,skipped,no_buy_quotes,2000,,,,,,,,,,,,0,
2026-04-29 11:49:42,QUICK,ok,,2000,Odos,169.3115311208234,0.8682,KyberSwap,1945.0902,0.6621,-55.0845,-2.7542,0x/Matcha,1934.454,-3.2851,6,4
2026-04-29 11:49:43,WOO,skipped,high_buy_slippage,2000,Sushi,94657.25134745413,5.265,,,,,,,,,6,
2026-04-29 11:49:45,SUSHI.e,skipped,high_buy_slippage,2000,Odos,8243.840569215474,8.0227,,,,,,,,,6,
2026-04-29 11:50:08,AAVE,ok,,2000,Sushi,20.42531633340546,-0.1331,KyberSwap,1995.0135,-0.0043,-4.999,-0.2499,Odos,1992.0731,-0.3986,6,5
2026-04-29 11:50:09,WBTC,ok,,2000,KyberSwap,0.02584891,0.0713,UniswapV3,1999.1281,0.022,-0.9529,-0.0476,0x/Matcha,1998.4878,-0.0797,6,5
2026-04-29 11:50:22,UNI,ok,,2000,Odos,602.4940140086409,0.234,Sushi,1975.2622,0.1496,-24.9823,-1.2491,KyberSwap,1974.3365,-1.2966,6,5
2026-04-29 11:50:27,LINK,ok,,2000,Odos,213.206113146708,0.0764,KyberSwap,1992.6003,0.0472,-7.529,-0.3765,Sushi,1991.7741,-0.4166,6,5
2026-04-29 11:50:45,WETH,ok,,2000,Odos,0.8540637803994973,-0.0249,KyberSwap,1999.126,-0.0332,-1.0896,-0.0545,Sushi,1998.1871,-0.1007,6,5
2026-04-29 11:50:56,WMATIC,ok,,2000,KyberSwap,21521.263775504773,0.0148,Odos,1997.2932,0.0154,-2.7504,-0.1375,Sushi,1997.0899,-0.146,6,5
2026-04-29 11:50:57,SUSHI,skipped,high_buy_slippage,2000,Odos,8230.905881728206,8.1024,,,,,,,,,6,
2026-04-29 11:51:03,BAL,skipped,high_buy_slippage,2000,KyberSwap,12053.863720695592,2.2466,,,,,,,,,5,
2026-04-29 11:51:08,DAI,ok,,2000,KyberSwap,1999.942327227525,0.0033,Odos,1999.9116,0.0001,-0.1026,-0.0051,Sushi,1999.7056,-0.015,6,5
2026-04-29 11:51:10,GRT,skipped,high_buy_slippage,2000,KyberSwap,73428.26527015425,5.5102,,,,,,,,,5,
2026-04-29 11:51:11,CRV,ok,,2000,Odos,8424.041720344572,1.2957,KyberSwap,1916.7285,1.0289,-83.5155,-4.1758,0x/Matcha,1914.7635,-4.2727,6,5
2026-04-29 11:51:16,SNX,skipped,high_buy_slippage,2000,KyberSwap,5691.17198586361,6.0631,,,,,,,,,5,
2026-04-29 11:51:22,LDO,ok,,2000,Odos,5058.534257331377,0.3104,KyberSwap,1974.6066,0.2208,-25.5058,-1.2753,0x/Matcha,1971.708,-1.4192,6,5
2026-04-29 11:51:25,stMATIC,ok,,2000,Odos,18711.867089680098,0.0652,KyberSwap,1980.8158,0.1496,-19.2438,-0.9622,0x/Matcha,1977.8088,-1.1119,6,5
2026-04-29 11:51:26,GHST,skipped,no_buy_quotes,2000,,,,,,,,,,,,0,
2026-04-29 11:51:28,FRAX,skipped,sell_slippage_filtered_all,2000,Odos,2014.9193121800627,0.2136,,,,,,,,,6,5
2026-04-29 11:51:31,DPI,skipped,high_buy_slippage,2000,KyberSwap,20.0864072852551,37.8944,,,,,,,,,5,
2026-04-29 11:51:34,STG,skipped,high_buy_slippage,2000,0x/Matcha,2738.005754573525,51.4275,,,,,,,,,6,
2026-04-29 11:51:36,COMP,skipped,no_buy_quotes,2000,,,,,,,,,,,,0,
2026-04-29 11:51:36,MKR,skipped,high_buy_slippage,2000,Odos,0.9009119244445143,5.2458,,,,,,,,,5,
2026-04-29 11:51:39,QUICK,ok,,2000,Odos,168.96327247866802,0.865,KyberSwap,1944.2287,0.61,-56.0342,-2.8017,Sushi,1934.0611,-3.3088,6,4
2026-04-29 11:51:41,SUSHI.e,skipped,high_buy_slippage,2000,Odos,8223.070543883177,8.0671,,,,,,,,,6,
2026-04-29 11:51:42,WOO,skipped,high_buy_slippage,2000,Sushi,94467.36730096572,5.2485,,,,,,,,,6,
2026-04-29 11:52:04,WETH,ok,,2000,KyberSwap,0.8529495669355519,0.0134,Odos,1997.9999,-0.0076,-2.0624,-0.1031,Sushi,1997.6345,-0.1186,6,5
2026-04-29 11:52:05,WBTC,ok,,2000,KyberSwap,0.02580048,-0.0233,Odos,1998.8004,0.0074,-1.2462,-0.0623,Sushi,1998.3938,-0.081,6,5
2026-04-29 11:52:08,AAVE,ok,,2000,KyberSwap,20.342719564320657,0.0556,Odos,1987.3865,0.0318,-12.6778,-0.6339,Sushi,1986.2218,-0.6893,6,5
2026-04-29 11:52:16,LINK,ok,,2000,Odos,213.01613410641534,0.0332,KyberSwap,1995.0779,0.0412,-5.0326,-0.2516,0x/Matcha,1991.698,-0.4192,6,5
2026-04-29 11:52:20,SUSHI,skipped,high_buy_slippage,2000,Odos,8226.368415483943,8.0708,,,,,,,,,6,
2026-04-29 11:52:20,UNI,ok,,2000,Odos,601.8401499973306,0.2226,KyberSwap,1975.5758,0.1243,-24.629,-1.2315,Sushi,1974.7749,-1.2698,6,5
2026-04-29 11:52:31,WMATIC,ok,,2000,Odos,21506.41721038095,-0.0075,KyberSwap,1997.7941,0.0878,-2.2487,-0.1124,Sushi,1997.4125,-0.1308,6,5
2026-04-29 11:52:33,CRV,ok,,2000,Odos,8420.84072603925,1.265,KyberSwap,1915.7183,1.0122,-84.4215,-4.2211,0x/Matcha,1915.1629,-4.2475,6,5
2026-04-29 11:52:33,DAI,ok,,2000,Odos,2000.0143636706136,0.0001,KyberSwap,1999.9965,-0.0003,-0.0174,-0.0009,Sushi,1999.7651,-0.0121,6,5
2026-04-29 11:52:35,BAL,skipped,high_buy_slippage,2000,KyberSwap,12046.86572394091,2.2615,,,,,,,,,5,
2026-04-29 11:52:37,GRT,skipped,high_buy_slippage,2000,KyberSwap,73393.3368813015,5.533,,,,,,,,,5,
2026-04-29 11:52:37,SNX,skipped,high_buy_slippage,2000,KyberSwap,5693.854211317087,6.0584,,,,,,,,,5,
2026-04-29 11:52:48,stMATIC,ok,,2000,Odos,18702.339621536514,0.1184,KyberSwap,1976.1686,0.1469,-23.9139,-1.1957,0x/Matcha,1973.2557,-1.3404,6,5
2026-04-29 11:52:49,FRAX,skipped,sell_slippage_filtered_all,2000,Odos,2014.9058983042494,0.2143,,,,,,,,,6,5
2026-04-29 11:52:52,LDO,ok,,2000,Odos,5055.513378047339,0.2953,KyberSwap,1971.2763,0.1588,-28.886,-1.4443,Sushi,1969.401,-1.5366,6,5
2026-04-29 11:52:55,DPI,skipped,high_buy_slippage,2000,KyberSwap,20.127712875146266,37.754,,,,,,,,,5,
2026-04-29 11:52:57,GHST,skipped,no_buy_quotes,2000,,,,,,,,,,,,0,
2026-04-29 11:53:01,STG,skipped,high_buy_slippage,2000,0x/Matcha,2740.5204903320728,51.382,,,,,,,,,6,
2026-04-29 11:53:02,QUICK,ok,,2000,Odos,168.97604956857674,0.8782,KyberSwap,1943.904,0.6046,-56.2696,-2.8135,Sushi,1933.637,-3.3254,6,4
2026-04-29 11:53:03,COMP,skipped,no_buy_quotes,2000,,,,,,,,,,,,0,
2026-04-29 11:53:04,MKR,skipped,high_buy_slippage,2000,Odos,0.901524991561001,5.2255,,,,,,,,,5,
2026-04-29 11:53:07,SUSHI.e,skipped,high_buy_slippage,2000,Odos,8228.661494183438,8.0734,,,,,,,,,6,
2026-04-29 11:53:08,WOO,skipped,high_buy_slippage,2000,Sushi,94484.78017927366,5.2654,,,,,,,,,6,
2026-04-29 11:53:30,WBTC,ok,,2000,KyberSwap,0.02579155,0.0106,Odos,1998.2071,0.0129,-1.8348,-0.0917,Sushi,1997.8181,-0.1097,6,5
2026-04-29 11:53:31,AAVE,ok,,2000,Odos,20.347827707606058,0.085,KyberSwap,1987.5231,0.0365,-12.5906,-0.6295,Sushi,1986.6151,-0.6741,6,5
2026-04-29 11:53:31,WETH,ok,,2000,KyberSwap,0.8535327886376155,0.0011,Odos,1999.2508,0.0014,-0.7746,-0.0387,Sushi,1998.1724,-0.0917,6,5
2026-04-29 11:53:43,CRV,ok,,2000,Odos,8420.716204182785,1.2752,KyberSwap,1916.5239,0.9611,-83.6284,-4.1814,0x/Matcha,1914.3741,-4.2876,6,5
2026-04-29 11:53:44,UNI,ok,,2000,Odos,601.7352364997978,0.2275,KyberSwap,1974.8185,0.1428,-25.411,-1.2705,Sushi,1974.3576,-1.2923,6,5
2026-04-29 11:53:44,LINK,ok,,2000,Odos,212.97532230112537,0.0593,KyberSwap,1993.1951,0.0535,-6.9333,-0.3467,Sushi,1990.6586,-0.4721,6,5
2026-04-29 11:53:50,SUSHI,skipped,high_buy_slippage,2000,Odos,8226.819099203414,8.0731,,,,,,,,,6,
2026-04-29 11:53:55,BAL,skipped,high_buy_slippage,2000,KyberSwap,12048.519636491537,2.2584,,,,,,,,,5,
2026-04-29 11:53:56,WMATIC,ok,,2000,KyberSwap,21510.31469835619,0.0166,Odos,1997.5036,0.0105,-2.5744,-0.1287,Sushi,1996.9513,-0.153,6,5
2026-04-29 11:53:59,DAI,ok,,2000,KyberSwap,1999.9526788405803,0.0003,Odos,1999.9063,0.0001,-0.1087,-0.0054,Sushi,1999.6999,-0.0152,6,5
2026-04-29 11:54:00,GRT,skipped,high_buy_slippage,2000,KyberSwap,73411.23174165923,5.5333,,,,,,,,,5,
2026-04-29 11:54:00,SNX,skipped,high_buy_slippage,2000,KyberSwap,5694.803002980114,6.0632,,,,,,,,,5,
2026-04-29 11:54:14,FRAX,skipped,sell_slippage_filtered_all,2000,Odos,2014.9322302916732,0.213,,,,,,,,,6,5
2026-04-29 11:54:14,stMATIC,ok,,2000,Odos,18709.112298111475,0.1078,KyberSwap,1978.6367,0.1538,-21.4185,-1.0709,0x/Matcha,1974.6735,-1.2684,6,5
2026-04-29 11:54:16,LDO,ok,,2000,Odos,5057.1273295303035,0.2966,KyberSwap,1972.3962,0.1597,-27.7088,-1.3854,Sushi,1969.833,-1.5123,6,5
2026-04-29 11:54:19,DPI,skipped,high_buy_slippage,2000,KyberSwap,20.12233224802307,37.7506,,,,,,,,,5,
2026-04-29 11:54:22,GHST,skipped,no_buy_quotes,2000,,,,,,,,,,,,0,
2026-04-29 11:54:26,STG,skipped,high_buy_slippage,2000,0x/Matcha,2737.7715576024857,51.438,,,,,,,,,6,
2026-04-29 11:54:27,QUICK,ok,,2000,Odos,168.98355598733175,0.873,KyberSwap,1944.2362,0.595,-55.9901,-2.7995,Sushi,1933.6285,-3.329,6,4
2026-04-29 11:54:27,COMP,skipped,no_buy_quotes,2000,,,,,,,,,,,,0,
2026-04-29 11:54:28,MKR,skipped,high_buy_slippage,2000,Odos,0.9013850376130444,5.2351,,,,,,,,,5,
2026-04-29 11:54:32,WOO,skipped,high_buy_slippage,2000,Sushi,94486.4504458158,5.2445,,,,,,,,,6,
2026-04-29 11:54:32,SUSHI.e,skipped,high_buy_slippage,2000,Odos,8228.42707683054,8.0653,,,,,,,,,6,
2026-04-29 11:54:55,WBTC,ok,,2000,KyberSwap,0.02580498,0.0007,Odos,1999.0451,0.0088,-0.9825,-0.0491,Sushi,1998.6951,-0.0655,6,5
2026-04-29 11:54:56,AAVE,ok,,2000,Odos,20.345049182082438,0.0537,KyberSwap,1987.1955,0.0482,-12.8906,-0.6445,Sushi,1985.9492,-0.7059,6,5
2026-04-29 11:54:59,WETH,ok,,2000,KyberSwap,0.8533650909631731,0.0011,Odos,1998.2568,0.0088,-1.7912,-0.0896,Sushi,1997.9255,-0.1041,6,5
2026-04-29 11:55:07,UNI,ok,,2000,Odos,601.630943500203,0.2218,KyberSwap,1974.9828,0.1585,-25.1871,-1.2594,Sushi,1974.7496,-1.2697,6,5
2026-04-29 11:55:08,LINK,ok,,2000,Odos,212.95696675357087,0.0429,KyberSwap,1993.5983,0.0505,-6.5013,-0.3251,Sushi,1991.0802,-0.4495,6,5
2026-04-29 11:55:10,CRV,ok,,2000,Odos,8410.060445178155,1.2693,KyberSwap,1916.7416,0.9668,-83.4937,-4.1747,0x/Matcha,1914.7735,-4.2716,6,5
2026-04-29 11:55:12,SUSHI,skipped,high_buy_slippage,2000,Odos,8227.681470434289,8.0504,,,,,,,,,6,
2026-04-29 11:55:17,BAL,skipped,high_buy_slippage,2000,KyberSwap,12048.047940790138,2.2546,,,,,,,,,5,
2026-04-29 11:55:19,WMATIC,ok,,2000,KyberSwap,21504.33852329586,0.0185,Odos,1997.7053,0.0389,-2.3452,-0.1173,Sushi,1997.0221,-0.1496,6,5
2026-04-29 11:55:21,DAI,ok,,2000,KyberSwap,2000.0233917607611,0.0006,Odos,1999.9712,0.0001,-0.0658,-0.0033,Sushi,1999.7653,-0.0123,6,5
2026-04-29 11:55:22,GRT,skipped,high_buy_slippage,2000,KyberSwap,73389.72132028933,5.5407,,,,,,,,,5,
2026-04-29 11:55:27,SNX,skipped,high_buy_slippage,2000,KyberSwap,5692.951694784158,6.0681,,,,,,,,,5,
2026-04-29 11:55:35,stMATIC,ok,,2000,Odos,18701.262775129166,0.1136,KyberSwap,1978.0918,0.1442,-22.03,-1.1015,0x/Matcha,1974.0145,-1.303,6,5
2026-04-29 11:55:35,LDO,ok,,2000,Odos,5050.304265509849,0.2935,KyberSwap,1972.1343,0.1816,-28.0789,-1.4039,Sushi,1969.737,-1.521,6,5
2026-04-29 11:55:38,GHST,skipped,no_buy_quotes,2000,,,,,,,,,,,,0,
2026-04-29 11:55:41,DPI,skipped,high_buy_slippage,2000,KyberSwap,20.086361674259773,37.7868,,,,,,,,,5,
2026-04-29 11:55:44,FRAX,skipped,sell_slippage_filtered_all,2000,Odos,2014.87340883227,0.2117,,,,,,,,,6,5
2026-04-29 11:55:47,STG,skipped,high_buy_slippage,2000,0x/Matcha,2737.911152788829,51.4295,,,,,,,,,6,
2026-04-29 11:55:48,QUICK,ok,,2000,Odos,168.9617882613528,0.866,KyberSwap,1943.8436,0.6031,-56.7667,-2.8383,Sushi,1933.6203,-3.3471,6,4
2026-04-29 11:55:49,COMP,skipped,no_buy_quotes,2000,,,,,,,,,,,,0,
2026-04-29 11:55:49,MKR,skipped,high_buy_slippage,2000,Odos,0.9010832135423633,5.2321,,,,,,,,,5,
2026-04-29 11:55:53,WOO,skipped,high_buy_slippage,2000,Sushi,94483.17920501501,5.2482,,,,,,,,,6,
2026-04-29 11:55:53,SUSHI.e,skipped,high_buy_slippage,2000,Odos,8224.288733786236,8.0812,,,,,,,,,6,
2026-04-29 11:56:16,WETH,ok,,2000,KyberSwap,0.8530800599773954,0.0019,Odos,1997.7072,0.0073,-2.3373,-0.1169,Sushi,1997.4445,-0.1281,6,5
2026-04-29 11:56:17,WBTC,ok,,2000,KyberSwap,0.0257821,0.0157,Odos,1997.5463,0.0025,-2.4773,-0.1239,Sushi,1997.0587,-0.1475,6,5
2026-04-29 11:56:26,AAVE,ok,,2000,Odos,20.33115186473015,0.0698,KyberSwap,1986.8023,0.0383,-13.3357,-0.6668,Sushi,1985.8449,-0.7137,6,5
2026-04-29 11:56:32,LINK,ok,,2000,Odos,212.8451151243666,0.0544,KyberSwap,1994.1609,0.0539,-5.9453,-0.2973,Sushi,1992.1537,-0.3964,6,5
2026-04-29 11:56:35,UNI,ok,,2000,Odos,601.1282207575068,0.2564,Sushi,1974.9655,0.1278,-25.2273,-1.2614,KyberSwap,1974.8123,-1.2705,6,5
2026-04-29 11:56:38,SUSHI,skipped,high_buy_slippage,2000,Odos,8230.01263976223,8.0893,,,,,,,,,6,
2026-04-29 11:56:41,CRV,ok,,2000,Odos,8404.160194016715,1.269,KyberSwap,1916.3519,0.9821,-83.7873,-4.1894,0x/Matcha,1914.9732,-4.257,6,5
2026-04-29 11:56:45,BAL,skipped,high_buy_slippage,2000,KyberSwap,12052.496884777038,2.2491,,,,,,,,,5,
2026-04-29 11:56:49,DAI,ok,,2000,KyberSwap,1999.9453089536885,0.0004,Odos,1999.8886,0.0005,-0.1289,-0.0064,Sushi,1999.6909,-0.0157,6,5
2026-04-29 11:56:51,GRT,skipped,high_buy_slippage,2000,KyberSwap,73398.23582891656,5.5577,,,,,,,,,5,
2026-04-29 11:56:54,SNX,skipped,high_buy_slippage,2000,KyberSwap,5692.177301726153,6.0941,,,,,,,,,5,
2026-04-29 11:56:54,WMATIC,ok,,2000,Odos,21498.4704481712,0.0248,KyberSwap,1997.7485,0.0054,-2.3024,-0.1151,Sushi,1997.2292,-0.1408,6,5
2026-04-29 11:57:07,stMATIC,ok,,2000,Odos,18699.714535051073,0.1281,KyberSwap,1976.3426,0.1266,-23.7793,-1.189,0x/Matcha,1973.3755,-1.3364,6,5
2026-04-29 11:57:10,LDO,ok,,2000,Odos,5048.270985832876,0.3022,KyberSwap,1970.8356,0.2477,-29.2873,-1.4644,Sushi,1969.7673,-1.5159,6,5
2026-04-29 11:57:14,FRAX,skipped,sell_slippage_filtered_all,2000,Odos,2014.9113079669014,0.214,,,,,,,,,6,5
2026-04-29 11:57:17,GHST,skipped,no_buy_quotes,2000,,,,,,,,,,,,0,
2026-04-29 11:57:18,DPI,skipped,high_buy_slippage,2000,KyberSwap,20.136237267482045,37.7728,,,,,,,,,5,
2026-04-29 11:57:22,QUICK,ok,,2000,Odos,169.0279960949946,0.8652,KyberSwap,1943.1984,0.5831,-56.9695,-2.8485,Sushi,1933.155,-3.349,6,4
2026-04-29 11:57:22,MKR,skipped,high_buy_slippage,2000,Odos,0.9025159338144314,5.224,,,,,,,,,5,
2026-04-29 11:57:24,COMP,skipped,no_buy_quotes,2000,,,,,,,,,,,,0,
2026-04-29 11:57:25,STG,skipped,high_buy_slippage,2000,0x/Matcha,2729.8640233935967,51.5793,,,,,,,,,6,
2026-04-29 11:57:28,SUSHI.e,skipped,high_buy_slippage,2000,Odos,8235.306104284375,8.0813,,,,,,,,,6,
2026-04-29 11:57:29,WOO,skipped,high_buy_slippage,2000,Sushi,94602.46326462839,5.256,,,,,,,,,6,
2026-04-29 11:57:50,WBTC,ok,,2000,KyberSwap,0.02582169,0.0004,Odos,1998.8174,0.0107,-1.2273,-0.0614,Sushi,1998.3598,-0.0823,6,5
2026-04-29 11:57:52,AAVE,ok,,2000,Odos,20.34634056795733,0.0828,KyberSwap,1987.765,0.0382,-12.3568,-0.6178,Sushi,1987.2724,-0.6418,6,5
2026-04-29 11:57:52,WETH,ok,,2000,KyberSwap,0.8545624363482351,0.0015,Odos,1998.6675,0.0065,-1.4161,-0.0708,Sushi,1998.12,-0.0943,6,5
2026-04-29 11:58:03,CRV,ok,,2000,Odos,8407.458365660032,1.2922,KyberSwap,1916.8845,0.9709,-83.2621,-4.1631,0x/Matcha,1914.8235,-4.2649,6,5
2026-04-29 11:58:05,UNI,ok,,2000,Odos,601.5629183822227,0.2544,Sushi,1975.2915,0.1622,-24.8665,-1.2433,KyberSwap,1974.9054,-1.2639,6,5
2026-04-29 11:58:07,LINK,ok,,2000,Odos,212.97599849569534,0.0535,KyberSwap,1993.9776,0.0423,-6.093,-0.3046,Sushi,1991.5028,-0.4273,6,5
2026-04-29 11:58:10,SUSHI,skipped,high_buy_slippage,2000,Odos,8235.3884872467,8.0784,,,,,,,,,6,
2026-04-29 11:58:14,BAL,skipped,high_buy_slippage,2000,KyberSwap,12057.054515316475,2.2398,,,,,,,,,5,
2026-04-29 11:58:18,DAI,ok,,2000,KyberSwap,1999.9481396675899,0.0007,Odos,1999.8887,0.0011,-0.1346,-0.0067,Sushi,1999.6959,-0.0156,6,5
2026-04-29 11:58:18,GRT,skipped,high_buy_slippage,2000,KyberSwap,73450.57119859687,5.5333,,,,,,,,,5,
2026-04-29 11:58:18,WMATIC,ok,,2000,Odos,21506.72854869191,0.0287,KyberSwap,1997.7239,-0.0006,-2.3317,-0.1166,Sushi,1997.3607,-0.1337,6,5
2026-04-29 11:58:22,SNX,skipped,high_buy_slippage,2000,KyberSwap,5697.302005291664,6.0503,,,,,,,,,5,
2026-04-29 11:58:31,LDO,ok,,2000,Odos,5047.524323987602,0.3004,KyberSwap,1971.0301,0.2028,-29.073,-1.4536,Sushi,1970.42,-1.483,6,5
2026-04-29 11:58:32,stMATIC,ok,,2000,Odos,18707.287204170818,0.1347,KyberSwap,1976.2655,0.1318,-23.807,-1.1904,0x/Matcha,1973.2257,-1.3409,6,5
2026-04-29 11:58:33,FRAX,skipped,sell_slippage_filtered_all,2000,Odos,2014.9312025493555,0.213,,,,,,,,,6,5
2026-04-29 11:58:34,GHST,skipped,no_buy_quotes,2000,,,,,,,,,,,,0,
2026-04-29 11:58:36,DPI,skipped,high_buy_slippage,2000,KyberSwap,20.162126184510083,38.3628,,,,,,,,,5,
2026-04-29 11:58:40,STG,skipped,high_buy_slippage,2000,0x/Matcha,2729.5994147768643,51.5764,,,,,,,,,6,
2026-04-29 11:58:42,COMP,skipped,no_buy_quotes,2000,,,,,,,,,,,,0,
2026-04-29 11:58:42,QUICK,ok,,2000,Odos,169.0375963928502,0.8401,KyberSwap,1943.9444,0.6003,-56.2005,-2.81,Sushi,1933.0349,-3.3544,6,4
2026-04-29 11:58:42,MKR,skipped,high_buy_slippage,2000,Odos,0.9023161465428208,5.2091,,,,,,,,,5,
2026-04-29 11:58:46,WOO,skipped,high_buy_slippage,2000,Sushi,94602.0788923717,5.256,,,,,,,,,6,
2026-04-29 11:58:46,SUSHI.e,skipped,high_buy_slippage,2000,Odos,8232.608384385567,8.0762,,,,,,,,,6,
2026-04-29 11:59:08,WETH,ok,,2000,KyberSwap,0.8545010820412007,0.0005,Odos,1998.8115,0.0014,-1.1962,-0.0598,Sushi,1998.0874,-0.0958,6,5
2026-04-29 11:59:10,AAVE,ok,,2000,KyberSwap,20.34590737506598,0.0711,Odos,1987.781,0.0391,-12.2636,-0.6132,Sushi,1987.2301,-0.6391,6,5
2026-04-29 11:59:10,WBTC,ok,,2000,KyberSwap,0.02582063,0.001,Odos,1998.6248,0.0105,-1.4151,-0.0708,Sushi,1998.2113,-0.0897,6,5
2026-04-29 11:59:22,LINK,ok,,2000,Odos,212.90815650315017,0.0393,KyberSwap,1993.7051,0.0589,-6.3977,-0.3199,Sushi,1990.9119,-0.4584,6,5
2026-04-29 11:59:23,UNI,ok,,2000,Odos,601.4205170097048,0.2386,Sushi,1974.73,0.1635,-25.4333,-1.2717,KyberSwap,1974.4402,-1.2873,6,5
2026-04-29 11:59:27,CRV,ok,,2000,Odos,8407.241412372208,1.2659,KyberSwap,1916.8402,0.9706,-83.2912,-4.1646,0x/Matcha,1914.8933,-4.2605,6,5
2026-04-29 11:59:29,SUSHI,skipped,high_buy_slippage,2000,Odos,8232.727404228637,8.072,,,,,,,,,6,
2026-04-29 11:59:34,WMATIC,ok,,2000,KyberSwap,21505.296055067327,0.0152,Odos,1997.2524,0.008,-2.7927,-0.1396,Sushi,1997.0288,-0.1496,6,5
2026-04-29 11:59:34,BAL,skipped,high_buy_slippage,2000,KyberSwap,12053.874742302367,2.2444,,,,,,,,,5,
2026-04-29 11:59:38,GRT,skipped,high_buy_slippage,2000,KyberSwap,73429.09916224031,5.5335,,,,,,,,,5,
2026-04-29 11:59:39,DAI,ok,,2000,KyberSwap,1999.9690342668955,0.0002,Odos,1999.9265,0.0001,-0.0898,-0.0045,Sushi,1999.7158,-0.0146,6,5
2026-04-29 11:59:41,SNX,skipped,high_buy_slippage,2000,KyberSwap,5694.733302554972,6.0639,,,,,,,,,5,
2026-04-29 11:59:50,stMATIC,ok,,2000,Odos,18705.51213913156,0.115,0x/Matcha,1976.3211,0.1418,-23.7235,-1.1862,KyberSwap,1976.213,-1.1921,6,5
2026-04-29 11:59:51,FRAX,skipped,sell_slippage_filtered_all,2000,Odos,2014.9223590092276,0.2134,,,,,,,,,6,5
2026-04-29 11:59:52,GHST,skipped,no_buy_quotes,2000,,,,,,,,,,,,0,
2026-04-29 11:59:52,LDO,ok,,2000,Odos,5045.66729411235,0.3105,KyberSwap,1971.4193,0.2151,-28.7074,-1.4354,Sushi,1969.7358,-1.5181,6,5
2026-04-29 11:59:55,DPI,skipped,high_buy_slippage,2000,KyberSwap,20.135463298064145,37.7709,,,,,,,,,5,
2026-04-29 11:59:59,STG,skipped,high_buy_slippage,2000,0x/Matcha,2731.9615678448927,51.5263,,,,,,,,,6,
2026-04-29 11:59:59,MKR,skipped,high_buy_slippage,2000,Odos,0.9024523762842321,5.2265,,,,,,,,,5,
2026-04-29 12:00:01,COMP,skipped,no_buy_quotes,2000,,,,,,,,,,,,0,
2026-04-29 12:00:01,QUICK,ok,,2000,Odos,168.9238180420953,0.8502,KyberSwap,1943.3279,0.5918,-56.8195,-2.841,Sushi,1932.667,-3.3722,6,4
2026-04-29 12:00:05,WOO,skipped,high_buy_slippage,2000,Sushi,94590.05055089215,5.2589,,,,,,,,,6,
2026-04-29 12:00:06,SUSHI.e,skipped,high_buy_slippage,2000,Odos,8231.210847233408,8.0435,,,,,,,,,6,
2026-04-29 12:00:30,WBTC,ok,,2000,KyberSwap,0.02581413,-0.0318,Odos,1998.6657,0.0005,-1.3497,-0.0675,Sushi,1997.8437,-0.1081,6,5
2026-04-29 12:00:32,WETH,ok,,2000,Sushi,0.8538488094013053,-0.0044,KyberSwap,1999.0079,-0.0475,-1.0015,-0.0501,Odos,1997.9804,-0.1014,6,5
2026-04-29 12:00:35,AAVE,ok,,2000,Odos,20.339756077599475,0.0801,KyberSwap,1987.222,0.0347,-12.9646,-0.6482,Sushi,1986.7726,-0.6698,6,5
2026-04-29 12:00:42,UNI,ok,,2000,Odos,600.6684189089098,0.2686,Sushi,1975.5911,0.1475,-24.6499,-1.2325,KyberSwap,1975.0758,-1.2597,6,5
2026-04-29 12:00:45,LINK,ok,,2000,Odos,212.82969768042534,0.0595,KyberSwap,1994.2525,0.0612,-5.8841,-0.2942,Sushi,1992.5247,-0.3791,6,5
2026-04-29 12:00:50,CRV,ok,,2000,Odos,8397.571092027394,1.2671,KyberSwap,1916.7595,0.9523,-83.529,-4.1764,0x/Matcha,1914.4141,-4.2923,6,5
2026-04-29 12:00:50,SUSHI,skipped,high_buy_slippage,2000,Odos,8230.243111751548,8.0602,,,,,,,,,6,
2026-04-29 12:00:55,BAL,skipped,high_buy_slippage,2000,KyberSwap,12090.391510708016,2.2883,,,,,,,,,5,
2026-04-29 12:00:56,WMATIC,ok,,2000,Odos,21459.76617771931,0.0231,KyberSwap,1997.4125,0.0079,-2.679,-0.134,Sushi,1997.1008,-0.1492,6,5
2026-04-29 12:00:59,GRT,skipped,high_buy_slippage,2000,KyberSwap,73361.43758290353,5.5161,,,,,,,,,5,
2026-04-29 12:01:00,DAI,ok,,2000,KyberSwap,1999.9287200119013,0.0001,Odos,1999.9098,0.0001,-0.1063,-0.0053,Sushi,1999.6758,-0.0165,6,5
2026-04-29 12:01:01,SNX,skipped,high_buy_slippage,2000,KyberSwap,5686.655050050515,6.0641,,,,,,,,,5,
2026-04-29 12:01:10,LDO,ok,,2000,Odos,5044.142221846654,0.3086,KyberSwap,1971.155,0.2051,-28.9712,-1.4486,Sushi,1969.9303,-1.5085,6,5
2026-04-29 12:01:13,FRAX,skipped,sell_slippage_filtered_all,2000,Odos,2014.8734088295157,0.2159,,,,,,,,,6,5
2026-04-29 12:01:14,GHST,skipped,no_buy_quotes,2000,,,,,,,,,,,,0,
2026-04-29 12:01:15,stMATIC,ok,,2000,Odos,18667.994253775018,0.1374,KyberSwap,1976.1284,0.1047,-24.0207,-1.201,0x/Matcha,1972.8463,-1.3634,6,5
2026-04-29 12:01:18,DPI,skipped,high_buy_slippage,2000,KyberSwap,20.13481487781305,37.7691,,,,,,,,,5,
2026-04-29 12:01:20,STG,skipped,high_buy_slippage,2000,KyberSwap,2727.6117630376007,49.8962,,,,,,,,,6,
2026-04-29 12:01:22,COMP,skipped,no_buy_quotes,2000,,,,,,,,,,,,0,
2026-04-29 12:01:23,MKR,skipped,high_buy_slippage,2000,Odos,0.9023680720409407,5.2232,,,,,,,,,5,
2026-04-29 12:01:25,QUICK,ok,,2000,Odos,168.9047085922554,0.851,KyberSwap,1943.7383,0.583,-56.4549,-2.8227,Sushi,1932.4898,-3.3836,6,4
2026-04-29 12:01:27,WOO,skipped,high_buy_slippage,2000,Sushi,94596.36983652198,5.2564,,,,,,,,,6,
2026-04-29 12:01:29,SUSHI.e,skipped,high_buy_slippage,2000,Odos,8229.990748269802,8.0618,,,,,,,,,6,
2026-04-29 12:01:50,WBTC,ok,,2000,KyberSwap,0.02581583,0.0034,Odos,1998.4159,0.001,-1.5963,-0.0798,Sushi,1997.7597,-0.1123,6,5
2026-04-29 12:01:51,WETH,ok,,2000,KyberSwap,0.8543950955783748,0.0011,Odos,1998.2236,0.0085,-1.8254,-0.0913,Sushi,1997.89,-0.1058,6,5
2026-04-29 12:01:54,AAVE,ok,,2000,Odos,20.339819215804546,0.0695,KyberSwap,1987.2496,0.037,-12.8298,-0.6415,Sushi,1986.764,-0.665,6,5
2026-04-29 12:02:01,UNI,ok,,2000,Odos,600.8146194775873,0.28,Sushi,1975.7468,0.1509,-24.392,-1.2196,KyberSwap,1975.3978,-1.2384,6,5
2026-04-29 12:02:02,LINK,ok,,2000,Odos,212.8642838055527,0.0432,KyberSwap,1994.8117,0.0497,-5.2717,-0.2636,Sushi,1992.1018,-0.3978,6,5
2026-04-29 12:02:07,SUSHI,skipped,high_buy_slippage,2000,Odos,8230.116939890519,8.0588,,,,,,,,,6,
2026-04-29 12:02:11,CRV,ok,,2000,Odos,8396.92987294256,1.2721,KyberSwap,1916.4056,0.9599,-83.7458,-4.1873,0x/Matcha,1914.454,-4.2833,6,5
2026-04-29 12:02:14,BAL,skipped,high_buy_slippage,2000,KyberSwap,12090.727432547212,2.2838,,,,,,,,,5,
2026-04-29 12:02:15,WMATIC,ok,,2000,Odos,21459.024366457645,0.0248,KyberSwap,1997.3966,0.0095,-2.6946,-0.1347,Sushi,1997.0913,-0.1492,6,5
2026-04-29 12:02:18,GRT,skipped,high_buy_slippage,2000,KyberSwap,73360.24879064957,5.5173,,,,,,,,,5,
2026-04-29 12:02:19,SNX,skipped,high_buy_slippage,2000,KyberSwap,5686.6589948447345,6.064,,,,,,,,,5,
2026-04-29 12:02:23,DAI,ok,,2000,KyberSwap,1999.9076752102064,0.0012,Odos,1999.9016,0.0003,-0.1113,-0.0056,Sushi,1999.6688,-0.0168,6,5
2026-04-29 12:02:29,LDO,ok,,2000,Odos,5044.0324682914625,0.3102,KyberSwap,1970.7565,0.2084,-29.3504,-1.4675,Sushi,1969.9159,-1.5083,6,5
2026-04-29 12:02:34,FRAX,skipped,sell_slippage_filtered_all,2000,Odos,2014.873408832873,0.2159,,,,,,,,,6,5
2026-04-29 12:02:34,stMATIC,ok,,2000,Odos,18667.390108615335,0.137,KyberSwap,1975.8955,0.1162,-24.2258,-1.2113,0x/Matcha,1972.7964,-1.3651,6,5
2026-04-29 12:02:36,GHST,skipped,no_buy_quotes,2000,,,,,,,,,,,,0,
2026-04-29 12:02:38,DPI,skipped,high_buy_slippage,2000,KyberSwap,20.134749391463014,37.7699,,,,,,,,,5,
2026-04-29 12:02:41,STG,skipped,high_buy_slippage,2000,KyberSwap,2727.6161649521646,49.8962,,,,,,,,,6,
2026-04-29 12:02:42,MKR,skipped,high_buy_slippage,2000,Odos,0.9023087598202121,5.2292,,,,,,,,,5,
2026-04-29 12:02:43,COMP,skipped,no_buy_quotes,2000,,,,,,,,,,,,0,
2026-04-29 12:02:45,QUICK,ok,,2000,Odos,168.9046703946908,0.8492,KyberSwap,1943.6933,0.5847,-56.4559,-2.8228,Sushi,1932.4995,-3.3809,6,4
2026-04-29 12:02:47,WOO,skipped,high_buy_slippage,2000,Sushi,94596.95146157902,5.2557,,,,,,,,,6,
2026-04-29 12:02:49,SUSHI.e,skipped,high_buy_slippage,2000,Odos,8230.090232753248,8.057,,,,,,,,,6,
2026-04-29 12:03:09,WETH,ok,,2000,KyberSwap,0.8543904980361343,0.0011,Odos,1998.1799,0.0092,-1.8745,-0.0937,Sushi,1997.8712,-0.1068,6,5
2026-04-29 12:03:14,AAVE,ok,,2000,Odos,20.33993087172975,0.0744,KyberSwap,1987.2645,0.0791,-12.8476,-0.6424,Sushi,1986.7762,-0.6656,6,5
2026-04-29 12:03:14,WBTC,ok,,2000,KyberSwap,0.02581927,0.0007,Odos,1998.3954,-0.0155,-1.6407,-0.082,Sushi,1998.0258,-0.099,6,5
2026-04-29 12:03:22,UNI,ok,,2000,Odos,600.929178743033,0.2901,Sushi,1976.0672,0.1539,-24.0693,-1.2035,KyberSwap,1975.8364,-1.2161,6,5
2026-04-29 12:03:24,LINK,ok,,2000,Odos,212.87700125339452,0.0335,KyberSwap,1996.0307,0.0611,-4.0529,-0.2026,0x/Matcha,1992.6665,-0.3698,6,5
2026-04-29 12:03:26,CRV,ok,,2000,Odos,8398.696787800878,1.2671,KyberSwap,1916.8123,0.9619,-83.408,-4.1704,0x/Matcha,1915.7421,-4.2225,6,5
2026-04-29 12:03:27,SUSHI,skipped,high_buy_slippage,2000,Odos,8228.85620373343,8.0775,,,,,,,,,6,
2026-04-29 12:03:33,BAL,skipped,high_buy_slippage,2000,KyberSwap,12089.86064615017,2.2755,,,,,,,,,5,
2026-04-29 12:03:34,WMATIC,ok,,2000,Odos,21458.92028034031,0.0118,KyberSwap,1999.5296,0.0057,-0.5573,-0.0279,Sushi,1997.0646,-0.1502,6,5
2026-04-29 12:03:37,GRT,skipped,high_buy_slippage,2000,KyberSwap,73340.77723631232,5.5301,,,,,,,,,5,
2026-04-29 12:03:39,SNX,skipped,high_buy_slippage,2000,KyberSwap,5691.870552510888,5.9733,,,,,,,,,5,
2026-04-29 12:03:40,DAI,ok,,2000,KyberSwap,1999.9286180037625,0.0311,Odos,1999.8955,0.0028,-0.1212,-0.0061,Sushi,1999.6751,-0.0165,6,5
2026-04-29 12:03:49,stMATIC,ok,,2000,Odos,18666.576110832786,0.1269,KyberSwap,1977.822,0.1273,-22.267,-1.1134,0x/Matcha,1973.8248,-1.3123,6,5
2026-04-29 12:03:50,LDO,ok,,2000,Odos,5041.270967841587,0.3148,KyberSwap,1972.6806,0.2027,-27.4784,-1.3739,Sushi,1970.0375,-1.5051,6,5
2026-04-29 12:03:52,GHST,skipped,no_buy_quotes,2000,,,,,,,,,,,,0,
2026-04-29 12:03:54,FRAX,skipped,sell_slippage_filtered_all,2000,Odos,2014.8820084942797,0.2154,,,,,,,,,6,5
2026-04-29 12:03:56,DPI,skipped,high_buy_slippage,2000,KyberSwap,20.089703601470767,38.5487,,,,,,,,,5,
2026-04-29 12:03:58,STG,skipped,high_buy_slippage,2000,KyberSwap,2727.6132737485286,49.8962,,,,,,,,,6,
2026-04-29 12:04:00,COMP,skipped,no_buy_quotes,2000,,,,,,,,,,,,0,
2026-04-29 12:04:01,MKR,skipped,high_buy_slippage,2000,Odos,0.9014668777273076,5.2555,,,,,,,,,5,
2026-04-29 12:04:05,SUSHI.e,skipped,high_buy_slippage,2000,Odos,8225.746542977975,8.0629,,,,,,,,,6,
2026-04-29 12:04:05,WOO,skipped,high_buy_slippage,2000,Sushi,94516.29728341942,5.2599,,,,,,,,,6,
2026-04-29 12:04:05,QUICK,ok,,2000,Odos,168.8527391695028,0.8573,KyberSwap,1944.0099,0.5713,-56.1616,-2.8081,Sushi,1932.8721,-3.3637,6,4
2026-04-29 12:04:26,WETH,ok,,2000,KyberSwap,0.8536622677672286,0.006,Odos,1998.3345,0.0113,-1.7177,-0.0859,Sushi,1998.1374,-0.0935,6,5
2026-04-29 12:04:29,WBTC,ok,,2000,KyberSwap,0.02579677,0.0133,Odos,1998.1433,0.0132,-1.8986,-0.0949,Sushi,1997.9378,-0.104,6,5
2026-04-29 12:04:29,AAVE,ok,,2000,KyberSwap,20.334167233932426,0.0464,Odos,1987.1728,0.0484,-12.9066,-0.6453,Sushi,1986.1771,-0.6918,6,5
2026-04-29 12:04:40,LINK,ok,,2000,Odos,212.68774608089186,0.0438,KyberSwap,1994.4105,0.0574,-5.692,-0.2846,Sushi,1992.2869,-0.3894,6,5
2026-04-29 12:04:40,CRV,ok,,2000,Odos,8396.019646482786,1.2631,KyberSwap,1916.5088,0.9636,-83.6464,-4.1823,0x/Matcha,1914.6637,-4.2732,6,5
2026-04-29 12:04:43,UNI,ok,,2000,Odos,600.5215431165327,0.2473,Sushi,1975.4619,0.1578,-24.69,-1.2345,KyberSwap,1975.1487,-1.2515,6,5
2026-04-29 12:04:46,SUSHI,skipped,high_buy_slippage,2000,Odos,8225.865863538282,8.0638,,,,,,,,,6,
2026-04-29 12:04:51,BAL,skipped,high_buy_slippage,2000,KyberSwap,12087.264920052898,2.2917,,,,,,,,,5,
2026-04-29 12:04:53,WMATIC,ok,,2000,Odos,21459.107622764222,0.0166,KyberSwap,1998.4881,-0.0489,-1.5727,-0.0786,Sushi,1997.039,-0.1505,6,5
2026-04-29 12:04:56,SNX,skipped,high_buy_slippage,2000,KyberSwap,5686.824973433168,6.0553,,,,,,,,,5,
2026-04-29 12:04:57,DAI,ok,,2000,KyberSwap,1999.9323891827994,0.0016,Odos,1999.9133,0.0001,-0.1089,-0.0054,Sushi,1999.7123,-0.0151,6,5
2026-04-29 12:04:58,GRT,skipped,high_buy_slippage,2000,KyberSwap,73339.02286730312,5.5256,,,,,,,,,5,
2026-04-29 12:05:08,LDO,ok,,2000,Odos,5040.728027334733,0.3064,KyberSwap,1971.2193,0.201,-28.8861,-1.4443,Sushi,1970.0266,-1.5025,6,5
2026-04-29 12:05:09,stMATIC,ok,,2000,Odos,18666.187684341756,0.1226,KyberSwap,1976.365,0.1178,-23.7165,-1.1858,0x/Matcha,1973.2457,-1.3407,6,5
2026-04-29 12:05:15,FRAX,skipped,sell_slippage_filtered_all,2000,Odos,2014.8819929737115,0.2154,,,,,,,,,6,5
2026-04-29 12:05:17,GHST,skipped,no_buy_quotes,2000,,,,,,,,,,,,0,
2026-04-29 12:05:19,DPI,skipped,high_buy_slippage,2000,KyberSwap,20.13029608167489,37.5024,,,,,,,,,5,
2026-04-29 12:05:20,QUICK,ok,,2000,Odos,168.85187278929982,0.8523,KyberSwap,1943.7532,0.5959,-56.4241,-2.8212,Sushi,1932.731,-3.3705,6,4
2026-04-29 12:05:21,COMP,skipped,no_buy_quotes,2000,,,,,,,,,,,,0,
2026-04-29 12:05:23,MKR,skipped,high_buy_slippage,2000,Odos,0.9017702075398382,5.2201,,,,,,,,,5,
2026-04-29 12:05:24,STG,skipped,high_buy_slippage,2000,0x/Matcha,2700.6020139974526,51.1261,,,,,,,,,6,
2026-04-29 12:05:28,WOO,skipped,high_buy_slippage,2000,Sushi,94526.68509956336,5.2502,,,,,,,,,6,
2026-04-29 12:05:29,SUSHI.e,skipped,high_buy_slippage,2000,Odos,8225.335602886853,8.0612,,,,,,,,,6,
2026-04-29 12:05:51,WETH,ok,,2000,KyberSwap,0.85366696817099,0.0036,Odos,1997.9962,0.0074,-2.0548,-0.1027,Sushi,1997.6499,-0.1179,6,5
2026-04-29 12:05:52,AAVE,ok,,2000,KyberSwap,20.334415676326085,0.0478,Odos,1987.0443,0.038,-13.0237,-0.6512,Sushi,1986.3069,-0.685,6,5
2026-04-29 12:05:53,WBTC,ok,,2000,KyberSwap,0.02579813,-0.0134,Odos,1998.2338,0.0127,-1.804,-0.0902,Sushi,1998.043,-0.0986,6,5
2026-04-29 12:06:04,UNI,ok,,2000,Odos,600.3083601340752,0.2442,Sushi,1975.1464,0.157,-24.9944,-1.2497,KyberSwap,1974.9756,-1.2596,6,5
2026-04-29 12:06:07,LINK,ok,,2000,KyberSwap,212.6754013743858,0.0433,Odos,1994.1626,0.0601,-5.9338,-0.2967,Sushi,1992.3395,-0.3845,6,5
2026-04-29 12:06:08,CRV,ok,,2000,Odos,8392.335601700866,1.2798,KyberSwap,1916.611,0.9595,-83.5637,-4.1782,0x/Matcha,1914.5539,-4.2795,6,5
2026-04-29 12:06:08,SUSHI,skipped,high_buy_slippage,2000,Odos,8225.866844512018,8.063,,,,,,,,,6,
2026-04-29 12:06:12,BAL,skipped,high_buy_slippage,2000,KyberSwap,12087.417944039506,2.2859,,,,,,,,,5,
2026-04-29 12:06:17,GRT,skipped,high_buy_slippage,2000,KyberSwap,73335.32479464775,5.5268,,,,,,,,,5,
2026-04-29 12:06:20,WMATIC,ok,,2000,Odos,21458.274659149327,0.0177,KyberSwap,1997.6649,0.0119,-2.3901,-0.1195,Sushi,1997.3448,-0.1352,6,5
2026-04-29 12:06:22,SNX,skipped,high_buy_slippage,2000,KyberSwap,5686.122283687984,6.0605,,,,,,,,,5,
2026-04-29 12:06:24,DAI,ok,,2000,KyberSwap,1999.878427698193,0.0009,Odos,1999.9261,0.0001,-0.0927,-0.0046,Sushi,1999.6465,-0.018,6,5
2026-04-29 12:06:31,stMATIC,ok,,2000,Odos,18664.338454474007,0.135,KyberSwap,1976.1297,0.1175,-23.9626,-1.1981,0x/Matcha,1971.5183,-1.4275,6,5
2026-04-29 12:06:35,FRAX,skipped,sell_slippage_filtered_all,2000,Odos,2014.8734088326203,0.2159,,,,,,,,,6,5
2026-04-29 12:06:38,LDO,ok,,2000,Odos,5040.634997526104,0.3073,KyberSwap,1970.9987,0.2126,-29.1279,-1.4564,Sushi,1969.7431,-1.5179,6,5
2026-04-29 12:06:41,QUICK,ok,,2000,Odos,168.85186884450263,0.8582,KyberSwap,1944.0731,0.5842,-56.1118,-2.8056,Sushi,1932.6101,-3.3773,6,4
2026-04-29 12:06:41,DPI,skipped,high_buy_slippage,2000,KyberSwap,20.129324692863904,37.7569,,,,,,,,,5,
2026-04-29 12:06:43,GHST,skipped,no_buy_quotes,2000,,,,,,,,,,,,0,
2026-04-29 12:06:44,COMP,skipped,no_buy_quotes,2000,,,,,,,,,,,,0,
2026-04-29 12:06:46,MKR,skipped,high_buy_slippage,2000,Odos,0.9017719298952545,5.2229,,,,,,,,,5,
2026-04-29 12:06:46,STG,skipped,high_buy_slippage,2000,0x/Matcha,2698.8924513213306,51.1452,,,,,,,,,6,
2026-04-29 12:06:49,SUSHI.e,skipped,high_buy_slippage,2000,Odos,8225.626099747777,8.0644,,,,,,,,,6,
2026-04-29 12:06:53,WOO,skipped,high_buy_slippage,2000,Sushi,94536.12616541878,5.2552,,,,,,,,,6,
2026-04-29 12:07:15,AAVE,ok,,2000,KyberSwap,20.33505192647969,0.0548,Odos,1987.0625,0.0352,-13.007,-0.6503,Sushi,1986.3725,-0.6817,6,5
2026-04-29 12:07:15,WETH,ok,,2000,Odos,0.8536045586536142,0.0143,KyberSwap,1998.6736,0.0003,-1.3759,-0.0688,Sushi,1997.3814,-0.1323,6,5
2026-04-29 12:07:18,WBTC,ok,,2000,Odos,0.02578861,0.0139,KyberSwap,1997.9305,0.023,-2.1292,-0.1065,Sushi,1997.2935,-0.138,6,5
2026-04-29 12:07:28,UNI,ok,,2000,Odos,600.0085326239957,0.2339,KyberSwap,1976.1443,0.169,-24.0453,-1.2023,Sushi,1975.3371,-1.2417,6,5
2026-04-29 12:07:29,LINK,ok,,2000,Odos,212.50829325260426,0.0393,KyberSwap,1994.532,0.044,-5.5527,-0.2776,Sushi,1991.6901,-0.4188,6,5
2026-04-29 12:07:30,CRV,ok,,2000,Odos,8387.45055905175,1.2787,KyberSwap,1916.8645,0.9744,-83.3343,-4.1667,0x/Matcha,1914.9433,-4.2614,6,5
2026-04-29 12:07:33,SUSHI,skipped,high_buy_slippage,2000,Odos,8223.0748550923,8.0634,,,,,,,,,6,
2026-04-29 12:07:38,BAL,skipped,high_buy_slippage,2000,KyberSwap,12098.490880383391,2.281,,,,,,,,,5,
2026-04-29 12:07:40,DAI,ok,,2000,KyberSwap,1999.8713899214674,0.0002,Odos,1999.9068,0.0007,-0.1123,-0.0056,Sushi,1999.6452,-0.0179,6,5
2026-04-29 12:07:42,GRT,skipped,high_buy_slippage,2000,KyberSwap,73304.59107600138,5.5391,,,,,,,,,5,
2026-04-29 12:07:42,WMATIC,ok,,2000,Odos,21448.664364636075,0.0227,KyberSwap,1998.5547,-0.0453,-1.5133,-0.0757,Sushi,1997.1471,-0.1455,6,5
2026-04-29 12:07:45,SNX,skipped,high_buy_slippage,2000,Odos,5682.591907479145,6.3416,,,,,,,,,5,
2026-04-29 12:07:55,stMATIC,ok,,2000,Odos,18657.55514993147,0.1282,KyberSwap,1976.9343,0.1217,-23.1565,-1.1578,0x/Matcha,1973.036,-1.352,6,5
2026-04-29 12:07:56,LDO,ok,,2000,Odos,5040.041024731531,0.3022,KyberSwap,1971.425,0.2104,-28.6831,-1.4342,Sushi,1969.7168,-1.5184,6,5
2026-04-29 12:07:58,GHST,skipped,no_buy_quotes,2000,,,,,,,,,,,,0,
2026-04-29 12:07:58,FRAX,skipped,sell_slippage_filtered_all,2000,Odos,2014.8950084298804,0.2148,,,,,,,,,6,5
2026-04-29 12:08:01,DPI,skipped,high_buy_slippage,2000,KyberSwap,20.128751573234315,37.7577,,,,,,,,,5,
2026-04-29 12:08:05,STG,skipped,high_buy_slippage,2000,0x/Matcha,2700.448425150726,48.8145,,,,,,,,,6,
2026-04-29 12:08:05,QUICK,ok,,2000,Odos,168.82679549761832,0.8667,KyberSwap,1944.1474,0.5767,-56.0173,-2.8009,Sushi,1932.5266,-3.3807,6,4
2026-04-29 12:08:06,MKR,skipped,high_buy_slippage,2000,Odos,0.90162404761844,5.2261,,,,,,,,,5,
2026-04-29 12:08:07,COMP,skipped,no_buy_quotes,2000,,,,,,,,,,,,0,
2026-04-29 12:08:10,SUSHI.e,skipped,high_buy_slippage,2000,Odos,8223.703314565342,8.0529,,,,,,,,,6,
2026-04-29 12:08:10,WOO,skipped,high_buy_slippage,2000,Sushi,94531.33874732694,5.2514,,,,,,,,,6,
2026-04-29 12:08:31,WBTC,ok,,2000,KyberSwap,0.02580254,-0.0347,Odos,1998.7916,0.008,-1.2369,-0.0618,Sushi,1998.456,-0.0777,6,5
2026-04-29 12:08:32,AAVE,ok,,2000,KyberSwap,20.336782266691376,0.0615,Odos,1987.154,0.0295,-12.9202,-0.646,Sushi,1986.6145,-0.6699,6,5
2026-04-29 12:08:32,WETH,ok,,2000,KyberSwap,0.8538594579038249,0.0032,Odos,1998.2548,0.008,-1.7826,-0.0891,Sushi,1997.9906,-0.1008,6,5
2026-04-29 12:08:43,LINK,ok,,2000,Odos,212.57182824721667,0.0284,KyberSwap,1994.6033,0.0765,-5.4553,-0.2728,Sushi,1992.2167,-0.3911,6,5
2026-04-29 12:08:46,CRV,ok,,2000,Odos,8390.75290456604,1.2589,KyberSwap,1917.2295,0.9741,-82.9633,-4.1482,0x/Matcha,1915.5723,-4.2296,6,5
2026-04-29 12:08:49,SUSHI,skipped,high_buy_slippage,2000,Odos,8227.530417077389,8.0608,,,,,,,,,6,
2026-04-29 12:08:49,UNI,ok,,2000,Odos,600.2200524498191,0.221,KyberSwap,1975.96,0.1811,-24.1971,-1.2099,Sushi,1975.6546,-1.224,6,5
2026-04-29 12:08:55,BAL,skipped,high_buy_slippage,2000,KyberSwap,12101.933700168152,2.2795,,,,,,,,,5,
2026-04-29 12:08:58,WMATIC,ok,,2000,KyberSwap,21456.38654060228,0.0077,Odos,1997.9018,0.0094,-2.1247,-0.1062,Sushi,1997.7287,-0.1138,6,5
2026-04-29 12:09:00,GRT,skipped,high_buy_slippage,2000,KyberSwap,73335.89046576792,5.5247,,,,,,,,,5,
2026-04-29 12:09:02,DAI,ok,,2000,Odos,1999.8735793366816,-0.0003,KyberSwap,1999.8962,0.0009,-0.124,-0.0062,Sushi,1999.6251,-0.0191,6,5
2026-04-29 12:09:03,SNX,skipped,high_buy_slippage,2000,KyberSwap,5686.41093010709,6.0468,,,,,,,,,5,
2026-04-29 12:09:14,LDO,ok,,2000,Odos,5042.362506147166,0.312,KyberSwap,1971.4377,0.2023,-28.6568,-1.4328,Sushi,1969.5145,-1.5278,6,5
2026-04-29 12:09:14,FRAX,skipped,sell_slippage_filtered_all,2000,Odos,2014.8734088356748,0.2159,,,,,,,,,6,5
2026-04-29 12:09:14,stMATIC,ok,,2000,Odos,18665.011491312314,0.1263,KyberSwap,1976.3816,0.1181,-23.6775,-1.1839,0x/Matcha,1973.3655,-1.3337,6,5
2026-04-29 12:09:16,GHST,skipped,no_buy_quotes,2000,,,,,,,,,,,,0,
2026-04-29 12:09:19,DPI,skipped,high_buy_slippage,2000,KyberSwap,20.133259421606983,37.7663,,,,,,,,,5,
2026-04-29 12:09:22,STG,skipped,high_buy_slippage,2000,0x/Matcha,2700.4757514306966,51.0947,,,,,,,,,6,
2026-04-29 12:09:24,QUICK,ok,,2000,Odos,168.87368034903568,0.8447,KyberSwap,1943.7923,0.5878,-56.3329,-2.8166,Sushi,1932.4218,-3.3837,6,4
2026-04-29 12:09:24,COMP,skipped,no_buy_quotes,2000,,,,,,,,,,,,0,
2026-04-29 12:09:25,MKR,skipped,high_buy_slippage,2000,Odos,0.9020915792707735,5.23,,,,,,,,,5,
2026-04-29 12:09:29,WOO,skipped,high_buy_slippage,2000,Sushi,94590.05689301805,5.2563,,,,,,,,,6,
2026-04-29 12:09:32,SUSHI.e,skipped,high_buy_slippage,2000,Odos,8226.971357845721,8.0568,,,,,,,,,6,
2026-04-29 12:09:53,AAVE,ok,,2000,Odos,20.331355893107492,0.0449,KyberSwap,1986.8053,0.0454,-13.2717,-0.6636,Sushi,1986.0162,-0.7023,6,5
2026-04-29 12:09:54,WETH,ok,,2000,Odos,0.8535754038060014,0.0201,KyberSwap,1999.1418,0.0021,-0.9426,-0.0471,Sushi,1996.8993,-0.1583,6,5
2026-04-29 12:09:55,WBTC,ok,,2000,KyberSwap,0.02578198,0.0029,Odos,1998.0356,0.0006,-1.9945,-0.0997,Sushi,1997.1052,-0.1457,6,5
2026-04-29 12:10:06,UNI,ok,,2000,Odos,599.9984855966129,0.2445,KyberSwap,1975.2798,0.1729,-24.9184,-1.2459,Sushi,1974.9918,-1.2593,6,5
2026-04-29 12:10:06,LINK,ok,,2000,Odos,212.43827910160974,0.0369,KyberSwap,1994.5412,0.0538,-5.532,-0.2766,Sushi,1991.5632,-0.4245,6,5
2026-04-29 12:10:09,CRV,ok,,2000,Odos,8389.388574228016,1.2649,KyberSwap,1916.8211,0.9712,-83.3286,-4.1664,0x/Matcha,1915.3427,-4.2387,6,5
2026-04-29 12:10:12,SUSHI,skipped,high_buy_slippage,2000,Odos,8224.274887074851,8.0797,,,,,,,,,6,
2026-04-29 12:10:19,BAL,skipped,high_buy_slippage,2000,KyberSwap,12100.083668253972,2.2804,,,,,,,,,5,
2026-04-29 12:10:22,WMATIC,ok,,2000,Odos,21456.570920994393,0.0084,KyberSwap,1998.0698,0.0097,-1.9793,-0.099,Sushi,1997.3464,-0.134,6,5
2026-04-29 12:10:22,DAI,ok,,2000,Odos,1999.872131024386,-0.0002,KyberSwap,1999.9096,-0.0,-0.108,-0.0054,Sushi,1999.6552,-0.0178,6,5
2026-04-29 12:10:26,GRT,skipped,high_buy_slippage,2000,KyberSwap,73326.22397009617,5.52,,,,,,,,,5,
2026-04-29 12:10:26,SNX,skipped,high_buy_slippage,2000,KyberSwap,5686.744839295423,6.0366,,,,,,,,,5,
2026-04-29 12:10:38,stMATIC,ok,,2000,Odos,18664.08244843241,0.1189,KyberSwap,1975.6943,0.1347,-24.3626,-1.2181,0x/Matcha,1972.3071,-1.3862,6,5
2026-04-29 12:10:38,LDO,ok,,2000,Odos,5039.025239774062,0.3045,KyberSwap,1971.3011,0.1993,-28.8458,-1.4423,Sushi,1969.4198,-1.5352,6,5
2026-04-29 12:10:39,FRAX,skipped,sell_slippage_filtered_all,2000,Odos,2014.8734088331082,0.2159,,,,,,,,,6,5
2026-04-29 12:10:40,GHST,skipped,no_buy_quotes,2000,,,,,,,,,,,,0,
2026-04-29 12:10:42,DPI,skipped,high_buy_slippage,2000,KyberSwap,20.089958693934083,38.1466,,,,,,,,,5,
2026-04-29 12:10:45,STG,skipped,high_buy_slippage,2000,0x/Matcha,2699.735047496204,51.1295,,,,,,,,,6,
2026-04-29 12:10:47,MKR,skipped,high_buy_slippage,2000,Odos,0.9014933862881637,5.2257,,,,,,,,,5,
2026-04-29 12:10:47,COMP,skipped,no_buy_quotes,2000,,,,,,,,,,,,0,
2026-04-29 12:10:51,QUICK,ok,,2000,Odos,168.82665104264836,0.8726,KyberSwap,1944.1629,0.5766,-56.0286,-2.8014,Sushi,1932.4139,-3.3874,6,4
2026-04-29 12:10:51,WOO,skipped,high_buy_slippage,2000,Sushi,94512.74189527307,5.257,,,,,,,,,6,
2026-04-29 12:10:51,SUSHI.e,skipped,high_buy_slippage,2000,Odos,8223.798292191053,8.0762,,,,,,,,,6,
2026-04-29 12:11:10,WETH,ok,,2000,KyberSwap,0.8534308877751917,0.0146,Odos,1997.9449,0.0026,-2.0752,-0.1038,Sushi,1997.567,-0.122,6,4
2026-04-29 12:11:13,AAVE,ok,,2000,KyberSwap,20.330925108627905,0.048,Odos,1986.957,0.0548,-13.1,-0.655,Sushi,1985.827,-0.7092,6,5
2026-04-29 12:11:14,WBTC,ok,,2000,KyberSwap,0.02577552,0.0039,Odos,1997.8099,0.0099,-2.2289,-0.1114,Sushi,1997.358,-0.1323,6,5
2026-04-29 12:11:21,UNI,ok,,2000,Odos,600.0951582892856,0.2544,Sushi,1975.1828,0.148,-24.9518,-1.2476,KyberSwap,1975.1364,-1.2509,6,5
2026-04-29 12:11:26,SUSHI,skipped,high_buy_slippage,2000,Odos,8227.177872202054,8.0661,,,,,,,,,6,
2026-04-29 12:11:27,LINK,ok,,2000,KyberSwap,212.47422830329464,0.0275,Odos,1993.8544,0.0566,-6.2242,-0.3112,Sushi,1992.464,-0.3779,6,5
2026-04-29 12:11:28,CRV,ok,,2000,Odos,8393.973677100037,1.2663,KyberSwap,1916.9152,0.9808,-83.2155,-4.1608,0x/Matcha,1915.4226,-4.2339,6,5
2026-04-29 12:11:32,BAL,skipped,high_buy_slippage,2000,KyberSwap,12103.746276052552,2.3324,,,,,,,,,5,
2026-04-29 12:11:36,GRT,skipped,high_buy_slippage,2000,KyberSwap,73369.73628832019,5.6424,,,,,,,,,5,
2026-04-29 12:11:37,DAI,ok,,2000,Odos,1999.8718925718927,-0.0002,KyberSwap,1999.951,0.0001,-0.0667,-0.0033,Sushi,1999.6552,-0.0178,6,5
2026-04-29 12:11:38,WMATIC,ok,,2000,KyberSwap,21477.360081871455,0.0077,Odos,1998.2187,0.0114,-1.8196,-0.091,Sushi,1997.9256,-0.104,6,5
2026-04-29 12:11:42,SNX,skipped,high_buy_slippage,2000,KyberSwap,5689.930463846921,6.2901,,,,,,,,,5,
2026-04-29 12:11:47,stMATIC,ok,,2000,Odos,18682.150483737354,0.1134,KyberSwap,1977.1918,0.1312,-22.8684,-1.1434,0x/Matcha,1973.8548,-1.3091,6,5
2026-04-29 12:11:48,LDO,ok,,2000,Odos,5042.502864343738,0.297,KyberSwap,1971.8074,0.1968,-28.2544,-1.4127,Sushi,1970.43,-1.4804,6,5
2026-04-29 12:11:53,FRAX,skipped,sell_slippage_filtered_all,2000,Odos,2014.896596077083,0.2147,,,,,,,,,6,5
2026-04-29 12:11:56,GHST,skipped,no_buy_quotes,2000,,,,,,,,,,,,0,
2026-04-29 12:11:57,DPI,skipped,high_buy_slippage,2000,KyberSwap,20.15619232655226,38.2596,,,,,,,,,5,
2026-04-29 12:11:58,QUICK,ok,,2000,Odos,168.87666987614918,0.8491,KyberSwap,1944.2669,0.5797,-55.8662,-2.7933,Sushi,1932.7786,-3.366,6,4
2026-04-29 12:12:00,COMP,skipped,no_buy_quotes,2000,,,,,,,,,,,,0,
2026-04-29 12:12:02,MKR,skipped,high_buy_slippage,2000,Odos,0.9017155629170189,5.2374,,,,,,,,,5,
2026-04-29 12:12:04,SUSHI.e,skipped,high_buy_slippage,2000,Odos,8226.650402590509,8.0615,,,,,,,,,6,
2026-04-29 12:12:06,STG,skipped,high_buy_slippage,2000,0x/Matcha,2696.9294946106606,51.1803,,,,,,,,,6,
2026-04-29 12:12:07,WOO,skipped,high_buy_slippage,2000,Sushi,94526.988920815,5.2526,,,,,,,,,6,
2026-04-29 12:12:28,WBTC,ok,,2000,KyberSwap,0.02578641,0.0336,Odos,1998.7304,-0.0222,-1.3042,-0.0652,Sushi,1998.5328,-0.0736,6,5
2026-04-29 12:12:29,AAVE,ok,,2000,KyberSwap,20.333319970095072,0.0387,Odos,1987.1159,0.0508,-12.9543,-0.6477,Sushi,1986.0678,-0.697,6,5
2026-04-29 12:12:32,WETH,ok,,2000,Odos,0.8538295527436736,0.001,KyberSwap,1998.5183,-0.0013,-1.4992,-0.075,Sushi,1998.0796,-0.0962,6,5
2026-04-29 12:12:40,LINK,ok,,2000,Odos,212.47785763146538,0.0276,KyberSwap,1994.0852,0.051,-5.9775,-0.2989,Sushi,1992.2388,-0.3899,6,5
2026-04-29 12:12:41,UNI,ok,,2000,Odos,600.1268341923828,0.2361,Sushi,1975.1579,0.1551,-24.9616,-1.2481,KyberSwap,1975.0873,-1.2527,6,5
2026-04-29 12:12:45,SUSHI,skipped,high_buy_slippage,2000,Odos,8227.59292470676,8.0624,,,,,,,,,6,
2026-04-29 12:12:45,CRV,ok,,2000,Odos,8392.563854289872,1.2683,KyberSwap,1916.6288,0.9772,-83.5541,-4.1777,0x/Matcha,1914.7635,-4.2695,6,5
2026-04-29 12:12:50,BAL,skipped,high_buy_slippage,2000,KyberSwap,12102.853998749279,2.333,,,,,,,,,5,
2026-04-29 12:12:54,GRT,skipped,high_buy_slippage,2000,KyberSwap,73360.90543555965,5.6446,,,,,,,,,5,
2026-04-29 12:12:54,WMATIC,ok,,2000,KyberSwap,21467.89416336008,0.0123,Odos,1997.3736,0.0107,-2.6852,-0.1343,Sushi,1997.0872,-0.146,6,5
2026-04-29 12:12:56,DAI,ok,,2000,Odos,1999.873767612035,0.0011,KyberSwap,1999.9218,0.0005,-0.1023,-0.0051,Sushi,1999.6773,-0.0167,6,5
2026-04-29 12:13:00,SNX,skipped,high_buy_slippage,2000,KyberSwap,5688.465011875954,6.291,,,,,,,,,5,
2026-04-29 12:13:11,LDO,ok,,2000,KyberSwap,5041.954403255496,0.2947,Odos,1971.0595,0.2147,-29.0529,-1.4526,Sushi,1970.2018,-1.4908,6,5
2026-04-29 12:13:11,FRAX,skipped,sell_slippage_filtered_all,2000,Odos,2014.896596073202,0.2147,,,,,,,,,6,5
2026-04-29 12:13:13,GHST,skipped,no_buy_quotes,2000,,,,,,,,,,,,0,
2026-04-29 12:13:15,DPI,skipped,high_buy_slippage,2000,KyberSwap,20.15620085793822,38.26,,,,,,,,,5,
2026-04-29 12:13:17,stMATIC,ok,,2000,Odos,18673.74703998235,0.1206,KyberSwap,1976.3857,0.1304,-23.6808,-1.184,0x/Matcha,1973.1458,-1.3448,6,5
2026-04-29 12:13:22,STG,skipped,high_buy_slippage,2000,0x/Matcha,2699.77385123961,51.127,,,,,,,,,6,
2026-04-29 12:13:22,MKR,skipped,high_buy_slippage,2000,Odos,0.9015201272989354,5.2339,,,,,,,,,5,
2026-04-29 12:13:23,COMP,skipped,no_buy_quotes,2000,,,,,,,,,,,,0,
2026-04-29 12:13:26,QUICK,ok,,2000,Odos,168.84817260858065,0.8601,KyberSwap,1944.1301,0.5885,-56.0386,-2.8019,Sushi,1932.4582,-3.384,6,4
2026-04-29 12:13:27,WOO,skipped,high_buy_slippage,2000,Sushi,94528.70167194367,5.2516,,,,,,,,,6,
2026-04-29 12:13:27,SUSHI.e,skipped,high_buy_slippage,2000,Odos,8225.964650135018,8.0717,,,,,,,,,6,
2026-04-29 12:13:49,WBTC,ok,,2000,KyberSwap,0.02579482,0.0021,Odos,1998.6085,0.0105,-1.4375,-0.0719,Sushi,1998.1267,-0.0942,6,5
2026-04-29 12:13:51,WETH,ok,,2000,Odos,0.8534405343605104,0.012,KyberSwap,1999.6844,-0.0287,-0.3774,-0.0189,Sushi,1997.1106,-0.1466,6,5
2026-04-29 12:13:52,AAVE,ok,,2000,Odos,20.33104628021392,0.0381,KyberSwap,1986.9515,0.056,-13.1476,-0.6574,Sushi,1985.8486,-0.7115,6,5
2026-04-29 12:14:03,LINK,ok,,2000,Odos,212.41496843653158,0.0365,KyberSwap,1995.2461,0.0236,-4.8509,-0.2425,0x/Matcha,1992.1073,-0.3982,6,5
2026-04-29 12:14:04,CRV,ok,,2000,Odos,8391.835470820597,1.2658,KyberSwap,1917.1686,0.9781,-83.0071,-4.1504,0x/Matcha,1915.4026,-4.2373,6,5
2026-04-29 12:14:07,SUSHI,skipped,high_buy_slippage,2000,Odos,8224.738620126955,8.0671,,,,,,,,,6,
2026-04-29 12:14:08,UNI,ok,,2000,Odos,600.0073318624586,0.2451,KyberSwap,1975.8825,0.1791,-24.2696,-1.2135,Sushi,1974.8053,-1.2665,6,5
2026-04-29 12:14:14,BAL,skipped,high_buy_slippage,2000,KyberSwap,12099.191199418463,2.3443,,,,,,,,,5,
2026-04-29 12:14:16,WMATIC,ok,,2000,KyberSwap,21466.677421719553,0.0142,Odos,1997.3107,0.0069,-2.7709,-0.1385,Sushi,1997.0084,-0.1498,6,5
2026-04-29 12:14:18,GRT,skipped,high_buy_slippage,2000,KyberSwap,73341.57570717887,5.6564,,,,,,,,,5,
2026-04-29 12:14:22,DAI,ok,,2000,KyberSwap,1999.9002905321477,0.0018,Odos,1999.9117,0.0011,-0.1093,-0.0055,Sushi,1999.6988,-0.0156,6,5
2026-04-29 12:14:22,SNX,skipped,high_buy_slippage,2000,KyberSwap,5687.266844387243,6.307,,,,,,,,,5,
2026-04-29 12:14:31,stMATIC,ok,,2000,Odos,18672.524790419127,0.1217,KyberSwap,1978.2371,0.0618,-21.8263,-1.0913,0x/Matcha,1973.1059,-1.347,6,5
2026-04-29 12:14:37,FRAX,skipped,sell_slippage_filtered_all,2000,Odos,2014.8965960742075,0.2147,,,,,,,,,6,5
2026-04-29 12:14:38,LDO,ok,,2000,Odos,5039.3079510732005,0.3076,KyberSwap,1972.2345,0.2003,-27.8732,-1.3937,Sushi,1969.6249,-1.5231,6,5
2026-04-29 12:14:39,GHST,skipped,no_buy_quotes,2000,,,,,,,,,,,,0,
2026-04-29 12:14:41,DPI,skipped,high_buy_slippage,2000,KyberSwap,20.090082408710558,38.4125,,,,,,,,,5,
2026-04-29 12:14:43,QUICK,ok,,2000,Odos,168.81851035731495,0.8463,KyberSwap,1944.296,0.5787,-55.8609,-2.793,Sushi,1932.8133,-3.3656,6,4
2026-04-29 12:14:44,COMP,skipped,no_buy_quotes,2000,,,,,,,,,,,,0,
2026-04-29 12:14:44,STG,skipped,high_buy_slippage,2000,0x/Matcha,2700.4673247872947,51.1167,,,,,,,,,6,
2026-04-29 12:14:48,MKR,skipped,high_buy_slippage,2000,Odos,0.9015023399126894,5.2224,,,,,,,,,5,
2026-04-29 12:14:49,SUSHI.e,skipped,high_buy_slippage,2000,Odos,8224.268634538184,8.0647,,,,,,,,,6,
2026-04-29 12:14:49,WOO,skipped,high_buy_slippage,2000,Sushi,94511.89205393377,5.2507,,,,,,,,,6,
2026-04-29 12:15:09,WETH,ok,,2000,KyberSwap,0.8532957057724477,0.0068,Odos,1998.7711,0.0154,-1.255,-0.0627,Sushi,1997.2392,-0.1392,6,5
2026-04-29 12:15:12,AAVE,ok,,2000,KyberSwap,20.329213619564023,0.0344,Odos,1987.3684,0.0614,-12.6883,-0.6344,Sushi,1985.7092,-0.7152,6,5
2026-04-29 12:15:12,WBTC,ok,,2000,KyberSwap,0.0257906,0.0226,Odos,1998.3783,0.0078,-1.6679,-0.0834,Sushi,1997.7698,-0.1117,6,5
2026-04-29 12:15:24,UNI,ok,,2000,Odos,599.8904362796725,0.2461,KyberSwap,1976.4878,0.1913,-23.6843,-1.1842,Sushi,1975.0912,-1.2532,6,5
2026-04-29 12:15:26,LINK,ok,,2000,Odos,212.3849340129677,0.0428,KyberSwap,1995.9457,0.0273,-4.1688,-0.2084,Sushi,1992.2811,-0.3907,6,5
2026-04-29 12:15:26,CRV,ok,,2000,Odos,8389.508346368819,1.2702,KyberSwap,1916.9941,0.9792,-83.172,-4.1586,0x/Matcha,1915.5623,-4.2288,6,5
2026-04-29 12:15:28,SUSHI,skipped,high_buy_slippage,2000,Odos,8220.672678606055,8.0854,,,,,,,,,6,
2026-04-29 12:15:35,BAL,skipped,high_buy_slippage,2000,KyberSwap,12097.907544436353,2.2995,,,,,,,,,5,
2026-04-29 12:15:40,GRT,skipped,high_buy_slippage,2000,KyberSwap,73325.41867164365,5.5375,,,,,,,,,5,
2026-04-29 12:15:40,WMATIC,ok,,2000,Odos,21460.952969709087,0.013,KyberSwap,1999.6974,-0.0841,-0.3517,-0.0176,Sushi,1997.0729,-0.1482,6,5
2026-04-29 12:15:40,DAI,ok,,2000,KyberSwap,1999.8725764644134,0.0012,Odos,1999.8842,0.0001,-0.1325,-0.0066,Sushi,1999.6688,-0.0167,6,5
2026-04-29 12:15:45,SNX,skipped,high_buy_slippage,2000,KyberSwap,5687.279002141653,6.0486,,,,,,,,,5,
2026-04-29 12:15:52,stMATIC,ok,,2000,Odos,18667.79456731638,0.1211,KyberSwap,1976.4429,0.1233,-23.6191,-1.181,0x/Matcha,1973.3156,-1.3365,6,5
2026-04-29 12:15:55,LDO,ok,,2000,Odos,5037.750531867837,0.3207,KyberSwap,1971.2853,0.2022,-28.8799,-1.444,Sushi,1969.7145,-1.5216,6,5
2026-04-29 12:15:57,GHST,skipped,no_buy_quotes,2000,,,,,,,,,,,,0,
2026-04-29 12:15:58,FRAX,skipped,sell_slippage_filtered_all,2000,Odos,2014.8965960758949,0.2147,,,,,,,,,6,5
2026-04-29 12:16:00,DPI,skipped,high_buy_slippage,2000,KyberSwap,20.090534092297297,37.8942,,,,,,,,,5,
2026-04-29 12:16:04,STG,skipped,high_buy_slippage,2000,0x/Matcha,2700.3783936525347,51.118,,,,,,,,,6,
2026-04-29 12:16:06,COMP,skipped,no_buy_quotes,2000,,,,,,,,,,,,0,
2026-04-29 12:16:06,QUICK,ok,,2000,Odos,168.80414098222917,0.8502,KyberSwap,1944.1818,0.5693,-55.9512,-2.7976,Sushi,1933.1401,-3.3484,6,4
2026-04-29 12:16:08,MKR,skipped,high_buy_slippage,2000,Odos,0.9013624765023479,5.2279,,,,,,,,,5,
2026-04-29 12:16:10,WOO,skipped,high_buy_slippage,2000,Sushi,94487.44618595413,5.2549,,,,,,,,,6,
2026-04-29 12:16:13,SUSHI.e,skipped,high_buy_slippage,2000,Odos,8223.222720744243,8.06,,,,,,,,,6,
2026-04-29 12:16:35,WBTC,ok,,2000,KyberSwap,0.02580043,0.001,Odos,1998.8625,0.0122,-1.1831,-0.0592,Sushi,1998.5305,-0.0738,6,5
2026-04-29 12:16:35,WETH,ok,,2000,KyberSwap,0.853231525057498,0.0041,Odos,1998.0859,0.0091,-1.9671,-0.0984,Sushi,1997.7548,-0.1126,6,5
2026-04-29 12:16:36,AAVE,ok,,2000,KyberSwap,20.32835876965929,0.051,Odos,1987.0333,0.0562,-13.0436,-0.6522,Sushi,1985.6617,-0.7176,6,5
2026-04-29 12:16:46,UNI,ok,,2000,Odos,599.8260865600103,0.2399,KyberSwap,1976.4007,0.1721,-23.8178,-1.1909,Sushi,1975.0487,-1.2576,6,5
2026-04-29 12:16:46,LINK,ok,,2000,Odos,212.38654177060843,0.0417,KyberSwap,1995.1126,0.0601,-4.9577,-0.2479,Sushi,1992.2866,-0.388,6,5
2026-04-29 12:16:50,CRV,ok,,2000,Odos,8388.451352606897,1.2689,KyberSwap,1917.2028,0.9633,-82.9659,-4.1483,0x/Matcha,1915.4126,-4.2368,6,5
2026-04-29 12:16:54,SUSHI,skipped,high_buy_slippage,2000,Odos,8220.873009079525,8.0804,,,,,,,,,6,
2026-04-29 12:16:59,BAL,skipped,high_buy_slippage,2000,KyberSwap,12097.418650976331,2.2968,,,,,,,,,5,
2026-04-29 12:17:00,WMATIC,ok,,2000,KyberSwap,21458.996942193633,0.0036,Odos,1998.0655,0.0034,-1.9527,-0.0976,Sushi,1997.2904,-0.1362,6,5
2026-04-29 12:17:04,GRT,skipped,high_buy_slippage,2000,KyberSwap,73317.40797058278,5.535,,,,,,,,,5,
2026-04-29 12:17:07,DAI,ok,,2000,KyberSwap,1999.8766278809053,0.0009,Odos,1999.9879,0.0001,-0.0322,-0.0016,Sushi,1999.6586,-0.0176,6,5
2026-04-29 12:17:09,SNX,skipped,high_buy_slippage,2000,KyberSwap,5690.610010075195,5.9744,,,,,,,,,5,
2026-04-29 12:17:16,stMATIC,ok,,2000,Odos,18665.956879536687,0.1129,KyberSwap,1978.4602,0.1353,-21.5965,-1.0798,0x/Matcha,1974.0645,-1.2987,6,5
2026-04-29 12:17:21,FRAX,skipped,sell_slippage_filtered_all,2000,Odos,2014.8965960759672,0.2147,,,,,,,,,6,5
2026-04-29 12:17:23,GHST,skipped,no_buy_quotes,2000,,,,,,,,,,,,0,
2026-04-29 12:17:26,DPI,skipped,high_buy_slippage,2000,KyberSwap,20.083794762829275,37.7817,,,,,,,,,5,
2026-04-29 12:17:27,LDO,ok,,2000,Odos,5037.320679009358,0.2951,KyberSwap,1973.3084,0.2289,-26.8851,-1.3443,Sushi,1970.5232,-1.4824,6,5
2026-04-29 12:17:31,QUICK,ok,,2000,Odos,168.80171175120674,0.8654,KyberSwap,1944.2619,0.5778,-55.9665,-2.7983,Sushi,1933.8604,-3.3171,6,4
2026-04-29 12:17:32,MKR,skipped,high_buy_slippage,2000,Odos,0.9007270483969857,5.2482,,,,,,,,,5,
2026-04-29 12:17:32,COMP,skipped,no_buy_quotes,2000,,,,,,,,,,,,0,
2026-04-29 12:17:32,STG,skipped,high_buy_slippage,2000,0x/Matcha,2699.81209966445,51.1282,,,,,,,,,6,
2026-04-29 12:17:36,WOO,skipped,high_buy_slippage,2000,Sushi,94435.72206341854,5.2441,,,,,,,,,6,
2026-04-29 12:17:39,SUSHI.e,skipped,high_buy_slippage,2000,Odos,8218.341141878811,8.0703,,,,,,,,,6,
2026-04-29 12:18:01,WETH,ok,,2000,Odos,0.8525148477549099,0.0237,KyberSwap,1998.6667,0.0007,-1.4193,-0.071,Sushi,1997.5499,-0.1265,6,5
2026-04-29 12:18:03,AAVE,ok,,2000,Odos,20.310930276033314,0.068,KyberSwap,1987.2178,0.0632,-12.9062,-0.6453,Sushi,1985.8278,-0.7138,6,5
2026-04-29 12:18:05,WBTC,ok,,2000,Odos,0.02578062,0.019,KyberSwap,1997.7449,0.051,-2.2789,-0.1139,Sushi,1997.1437,-0.1437,6,5
2026-04-29 12:18:13,LINK,ok,,2000,Odos,212.35728900750397,0.0531,KyberSwap,1995.366,0.0216,-4.7688,-0.2384,Sushi,1992.7689,-0.3671,6,5
2026-04-29 12:18:15,UNI,ok,,2000,Odos,599.5930973987554,0.2627,KyberSwap,1976.6624,0.1769,-23.5553,-1.1778,Sushi,1975.3168,-1.2443,6,5
2026-04-29 12:18:16,CRV,ok,,2000,Odos,8386.12928759588,1.2801,KyberSwap,1917.4677,0.9759,-82.6817,-4.1341,0x/Matcha,1915.4924,-4.2316,6,5
2026-04-29 12:18:20,SUSHI,skipped,high_buy_slippage,2000,Odos,8217.484339533348,8.0781,,,,,,,,,6,
2026-04-29 12:18:26,BAL,skipped,high_buy_slippage,2000,KyberSwap,12092.681825184462,2.3089,,,,,,,,,5,
2026-04-29 12:18:27,WMATIC,ok,,2000,Odos,21452.07542209557,0.0108,KyberSwap,1999.9693,-0.1028,-0.1579,-0.0079,Sushi,1997.2071,-0.1454,6,5
2026-04-29 12:18:31,GRT,skipped,high_buy_slippage,2000,KyberSwap,73282.07152505341,5.5471,,,,,,,,,5,
2026-04-29 12:18:32,SNX,skipped,high_buy_slippage,2000,KyberSwap,5683.353212313864,6.0704,,,,,,,,,5,
2026-04-29 12:18:32,DAI,ok,,2000,KyberSwap,1999.8699376999657,-0.0002,Odos,1999.9811,0.0002,-0.0333,-0.0017,Sushi,1999.6512,-0.0176,6,5
2026-04-29 12:18:42,LDO,ok,,2000,Odos,5032.3520679746025,0.298,KyberSwap,1973.1082,0.205,-27.0748,-1.3537,Sushi,1970.9872,-1.4588,6,5
2026-04-29 12:18:42,FRAX,skipped,sell_slippage_filtered_all,2000,Odos,2014.8965960821986,0.2147,,,,,,,,,6,5
2026-04-29 12:18:44,stMATIC,ok,,2000,Odos,18659.12866234489,0.1218,KyberSwap,1978.525,0.1306,-21.5591,-1.078,0x/Matcha,1973.6451,-1.3211,6,5
2026-04-29 12:18:46,DPI,skipped,high_buy_slippage,2000,KyberSwap,20.085629318728948,38.405,,,,,,,,,5,
2026-04-29 12:18:51,GHST,skipped,no_buy_quotes,2000,,,,,,,,,,,,0,
2026-04-29 12:18:52,STG,skipped,high_buy_slippage,2000,0x/Matcha,2697.2446578602876,51.1746,,,,,,,,,6,
2026-04-29 12:18:54,QUICK,ok,,2000,Odos,168.8029313835665,0.8452,KyberSwap,1944.3765,0.5598,-55.8276,-2.7914,Sushi,1933.9173,-3.3129,6,4
2026-04-29 12:18:54,COMP,skipped,no_buy_quotes,2000,,,,,,,,,,,,0,
2026-04-29 12:18:57,MKR,skipped,high_buy_slippage,2000,Odos,0.9009524765686598,5.2272,,,,,,,,,5,
2026-04-29 12:18:58,SUSHI.e,skipped,high_buy_slippage,2000,Odos,8219.436130404292,8.0556,,,,,,,,,6,
2026-04-29 12:19:02,WOO,skipped,high_buy_slippage,2000,Sushi,94440.22155321515,5.2621,,,,,,,,,6,
